date,close,adj_close,volume,dividend,split,tr_index
2020-10-13,121.0500,116.677742,13100,0,1,100.000000
2020-10-14,119.9700,115.636757,37800,0,1,99.107807
2020-10-15,119.1070,114.804924,30600,0,1,98.394878
2020-10-16,118.5000,114.219849,51000,0,1,97.893432
2020-10-19,116.4500,112.243912,50600,0,1,96.199917
2020-10-20,116.8900,112.667976,49800,0,1,96.563404
2020-10-21,117.0400,112.812584,28200,0,1,96.687319
2020-10-22,116.7200,112.504135,24800,0,1,96.422966
2020-10-23,117.0000,112.774033,40600,0,1,96.654275
2020-10-26,115.1800,111.019745,74400,0,1,95.150764
2020-10-27,116.0900,111.896881,46900,0,1,95.902520
2020-10-28,111.6900,107.655830,138800,0,1,92.267658
2020-10-29,113.5100,109.410095,79600,0,1,93.771169
2020-10-30,110.8600,106.855812,130600,0,1,91.581991
2020-11-02,110.9000,106.894348,74100,0,1,91.615035
2020-11-03,113.4310,109.333939,61800,0,1,93.705907
2020-11-04,117.7900,113.535477,109700,0,1,97.306898
2020-11-05,120.9200,116.552437,146500,0,1,99.892606
2020-11-06,121.0000,116.629547,47100,0,1,99.958695
2020-11-09,118.5000,114.219849,154000,0,1,97.893432
2020-11-10,116.3170,112.115692,84200,0,1,96.090045
2020-11-11,119.1100,114.807816,65800,0,1,98.397356
2020-11-12,118.4200,114.142723,44900,0,1,97.827344
2020-11-13,119.5500,115.231911,39900,0,1,98.760843
2020-11-16,120.0700,115.733131,47000,0,1,99.190417
2020-11-17,120.0600,115.723518,29000,0,1,99.182156
2020-11-18,119.5480,115.229980,35200,0,1,98.759190
2020-11-19,120.1300,115.790970,52700,0,1,99.239983
2020-11-20,119.3900,115.077713,37000,0,1,98.628666
2020-11-23,119.3000,114.990944,50500,0,1,98.554316
2020-11-24,121.0400,116.668091,90900,0,1,99.991739
2020-11-25,121.7190,117.322578,44200,0,1,100.552664
2020-11-27,122.7500,118.316330,35500,0,1,101.404378
2020-11-30,123.0100,118.566933,84000,0,1,101.619166
2020-12-01,124.7200,120.215179,92800,0,1,103.031805
2020-12-02,124.8400,120.330833,140900,0,1,103.130938
2020-12-03,125.0200,120.504326,93200,0,1,103.279637
2020-12-04,125.4500,120.918823,74300,0,1,103.634862
2020-12-07,125.8300,121.285095,76700,0,1,103.948781
2020-12-08,126.6050,122.032097,54800,0,1,104.589013
2020-12-09,123.8500,119.376610,148700,0,1,102.313094
2020-12-10,124.2600,119.771805,128300,0,1,102.651797
2020-12-11,123.9700,119.492287,54200,0,1,102.412226
2020-12-14,124.8900,120.379044,184100,0,1,103.172243
2020-12-15,126.2300,121.670654,64300,0,1,104.279223
2020-12-16,126.9100,122.326080,84900,0,1,104.840975
2020-12-17,127.7600,123.145393,57900,0,1,105.543164
2020-12-18,127.4300,122.827309,84300,0,1,105.270549
2020-12-21,126.8900,122.504845,85100,0.206,1,104.994630
2020-12-22,127.2400,122.842743,59000,0,1,105.284236
2020-12-23,126.6600,122.282799,69000,0,1,104.804318
2020-12-24,127.1900,122.794456,32000,0,1,105.242864
2020-12-28,128.4800,124.039886,59200,0,1,106.310270
2020-12-29,128.6300,124.184708,66600,0,1,106.434386
2020-12-30,128.5300,124.088165,89900,0,1,106.351642
2020-12-31,128.9100,124.455055,73500,0,1,106.666071
2021-01-04,127.0800,122.688271,160800,0,1,105.151845
2021-01-05,128.0950,123.668205,66600,0,1,105.991703
2021-01-06,126.3300,121.964203,469300,0,1,104.531261
2021-01-07,129.4600,124.986031,97100,0,1,107.121167
2021-01-08,131.1400,126.607994,78400,0,1,108.511276
2021-01-11,129.1800,124.715683,69500,0,1,106.889482
2021-01-12,129.1400,124.677094,122100,0,1,106.856384
2021-01-13,129.8400,125.352905,56600,0,1,107.435596
2021-01-14,129.1400,124.677094,90000,0,1,106.856384
2021-01-15,128.1000,123.673050,102700,0,1,105.995840
2021-01-19,130.0300,125.536324,82300,0,1,107.592811
2021-01-20,133.0700,128.471283,120500,0,1,110.108247
2021-01-21,134.1500,129.513931,159700,0,1,111.001889
2021-01-22,133.7800,129.156708,124900,0,1,110.695734
2021-01-25,134.6300,129.977371,155200,0,1,111.399063
2021-01-26,135.0400,130.373215,75600,0,1,111.738316
2021-01-27,131.4500,126.907257,148600,0,1,108.767784
2021-01-28,132.0800,127.515465,88600,0,1,109.289075
2021-01-29,129.3700,124.899147,119300,0,1,107.046697
2021-02-01,132.5400,127.959557,131300,0,1,109.669701
2021-02-02,134.7150,130.059418,111600,0,1,111.469396
2021-02-03,134.2200,129.581512,93100,0,1,111.059810
2021-02-04,135.6500,130.962128,76200,0,1,112.243058
2021-02-05,136.1900,131.483459,182400,0,1,112.689879
2021-02-08,137.0400,132.304077,105200,0,1,113.393208
2021-02-09,137.0100,132.275101,101700,0,1,113.368384
2021-02-10,136.6700,131.946869,104500,0,1,113.087053
2021-02-11,137.4390,132.689255,136200,0,1,113.723359
2021-02-12,138.2900,133.510864,87100,0,1,114.427515
2021-02-16,137.9100,133.143997,106500,0,1,114.113086
2021-02-17,137.2300,132.487473,105000,0,1,113.550423
2021-02-18,136.6500,131.927567,99800,0,1,113.070504
2021-02-19,135.9600,131.261459,93500,0,1,112.499566
2021-02-22,132.5500,127.969269,156800,0,1,109.677975
2021-02-23,132.1600,127.592743,210100,0,1,109.355271
2021-02-24,133.2400,128.635391,163900,0,1,110.248913
2021-02-25,128.5300,124.088165,250600,0,1,106.351642
2021-02-26,129.7200,125.237038,178100,0,1,107.336303
2021-03-01,132.9600,128.365097,91900,0,1,110.017228
2021-03-02,130.8000,126.279747,93700,0,1,108.229944
2021-03-03,127.0500,122.659317,142900,0,1,105.127022
2021-03-04,124.9100,120.593300,206300,0,1,103.356287
2021-03-05,126.9800,122.591743,223100,0,1,105.069100
2021-03-08,123.2500,118.990631,160400,0,1,101.982727
2021-03-09,128.2400,123.808197,169500,0,1,106.111682
2021-03-10,127.7000,123.286842,177200,0,1,105.664862
2021-03-11,130.7800,126.260406,144500,0,1,108.213395
2021-03-12,129.6200,125.140518,119700,0,1,107.253558
2021-03-15,131.0400,126.511398,91200,0,1,108.428531
2021-03-16,131.7300,127.177589,144600,0,1,108.999469
2021-03-17,132.2600,127.689270,69200,0,1,109.438016
2021-03-18,128.2700,123.837158,155600,0,1,106.136506
2021-03-19,128.7800,124.329498,128400,0,1,106.558503
2021-03-22,130.9800,126.607872,74100,0.157,1,108.508794
2021-03-23,130.3000,125.950562,91100,0,1,107.945456
2021-03-24,128.2000,123.920670,130400,0,1,106.205736
2021-03-25,127.9800,123.708000,165200,0,1,106.023480
2021-03-26,129.9400,125.602570,76200,0,1,107.647218
2021-03-29,129.6600,125.331909,151900,0,1,107.415256
2021-03-30,129.2100,124.896935,106300,0,1,107.042459
2021-03-31,131.2200,126.839828,159400,0,1,108.707619
2021-04-01,133.3900,128.937424,99100,0,1,110.505329
2021-04-05,136.1000,131.556976,166500,0,1,112.750396
2021-04-06,135.8950,131.358795,75600,0,1,112.580566
2021-04-07,136.2700,131.721268,139000,0,1,112.891230
2021-04-08,137.6800,133.084198,99800,0,1,114.059328
2021-04-09,138.5000,133.876846,89100,0,1,114.738647
2021-04-12,138.3900,133.770538,94400,0,1,114.647518
2021-04-13,139.9700,135.297775,73400,0,1,115.956450
2021-04-14,138.2600,133.644821,164200,0,1,114.539822
2021-04-15,140.3400,135.655411,148200,0,1,116.262972
2021-04-16,140.5900,135.897079,64800,0,1,116.470082
2021-04-19,139.3200,134.669464,88000,0,1,115.417966
2021-04-20,138.2500,133.635208,94300,0,1,114.531537
2021-04-21,139.4000,134.746780,92000,0,1,115.484241
2021-04-22,137.8400,133.238861,95300,0,1,114.191878
2021-04-23,139.5000,134.843491,77100,0,1,115.567084
2021-04-26,140.4000,135.713425,71000,0,1,116.312679
2021-04-27,139.6900,135.027145,86000,0,1,115.724488
2021-04-28,139.2500,134.601791,98000,0,1,115.359975
2021-04-29,139.7900,135.123779,105500,0,1,115.807331
2021-04-30,138.8300,134.195816,151000,0,1,115.012031
2021-05-03,138.1400,133.528854,155700,0,1,114.440409
2021-05-04,135.8100,131.276627,179900,0,1,112.510149
2021-05-05,135.2300,130.716034,100600,0,1,112.029655
2021-05-06,136.2500,131.701935,96900,0,1,112.874661
2021-05-07,137.4300,132.842545,177400,0,1,113.852218
2021-05-10,133.9400,129.469070,169000,0,1,110.960970
2021-05-11,133.7500,129.285416,145000,0,1,110.803567
2021-05-12,130.2600,125.911896,210800,0,1,107.912318
2021-05-13,131.2200,126.839828,105100,0,1,108.707619
2021-05-14,134.1900,129.710709,106100,0,1,111.168079
2021-05-17,133.3000,128.850418,70800,0,1,110.430770
2021-05-18,132.3600,127.941780,95200,0,1,109.652038
2021-05-19,132.6500,128.222107,100500,0,1,109.892285
2021-05-20,135.1200,130.609650,73700,0,1,111.938527
2021-05-21,134.3300,129.846069,177600,0,1,111.284061
2021-05-24,136.6300,132.069244,115900,0,1,113.189468
2021-05-25,136.8900,132.320602,166100,0,1,113.404862
2021-05-26,137.3400,132.755585,111300,0,1,113.777659
2021-05-27,136.8900,132.320602,83100,0,1,113.404862
2021-05-28,137.2300,132.649246,193900,0,1,113.686530
2021-06-01,136.8100,132.243256,118900,0,1,113.338587
2021-06-02,137.0300,132.455917,93100,0,1,113.520843
2021-06-03,135.5900,131.063980,83500,0,1,112.327892
2021-06-04,137.9500,133.345154,93100,0,1,114.283006
2021-06-07,138.3300,133.712494,100000,0,1,114.597812
2021-06-08,138.3500,133.731827,69600,0,1,114.614381
2021-06-09,138.4700,133.847809,138600,0,1,114.713793
2021-06-10,139.8750,135.205948,90800,0,1,115.877749
2021-06-11,140.2200,135.539429,71400,0,1,116.163560
2021-06-14,141.5030,136.779587,60700,0,1,117.226446
2021-06-15,140.7300,136.032410,60300,0,1,116.586063
2021-06-16,140.1700,135.491104,134300,0,1,116.122138
2021-06-17,141.9400,137.201996,136500,0,1,117.588473
2021-06-18,140.7900,136.090378,94400,0,1,116.635769
2021-06-21,141.5100,136.963409,99800,0.182,1,117.383020
2021-06-22,142.8400,138.250671,95700,0,1,118.486260
2021-06-23,142.8400,138.250671,106500,0,1,118.486260
2021-06-24,143.7200,139.102417,252000,0,1,119.216223
2021-06-25,143.6200,139.005615,70300,0,1,119.133272
2021-06-28,145.3800,140.709091,159900,0,1,120.593198
2021-06-29,145.8500,141.163971,85600,0,1,120.983065
2021-06-30,145.7300,141.047806,88000,0,1,120.883524
2021-07-01,145.7300,141.047806,278300,0,1,120.883524
2021-07-02,147.3700,142.635117,148500,0,1,122.243910
2021-07-06,147.9600,143.206192,104100,0,1,122.733317
2021-07-07,148.2500,143.486877,214500,0,1,122.973873
2021-07-08,147.4400,142.702927,288600,0,1,122.301975
2021-07-09,148.3400,143.573990,191300,0,1,123.048528
2021-07-12,148.9500,144.164368,162800,0,1,123.554525
2021-07-13,148.9400,144.154709,259600,0,1,123.546230
2021-07-14,149.1800,144.386948,258800,0,1,123.745311
2021-07-15,148.1400,143.380386,281000,0,1,122.882628
2021-07-16,146.9600,142.238297,207900,0,1,121.903814
2021-07-19,145.7800,141.096207,329600,0,1,120.925000
2021-07-20,147.4600,142.722229,195700,0,1,122.318565
2021-07-21,148.5200,143.748184,203800,0,1,123.197839
2021-07-22,149.5700,144.764450,171800,0,1,124.068817
2021-07-23,151.2200,146.361420,189800,0,1,125.437498
2021-07-26,151.4300,146.564682,288500,0,1,125.611694
2021-07-27,149.8000,144.987106,321400,0,1,124.259603
2021-07-28,150.3400,145.509705,328000,0,1,124.707535
2021-07-29,150.6000,145.761353,197700,0,1,124.923206
2021-07-30,149.8400,145.025772,202900,0,1,124.292783
2021-08-02,149.8300,145.016068,257600,0,1,124.284488
2021-08-03,150.7400,145.896881,446300,0,1,125.039336
2021-08-04,150.9700,146.119476,287800,0,1,125.230122
2021-08-05,151.9200,147.038940,176900,0,1,126.018150
2021-08-06,151.2600,146.400177,186700,0,1,125.470678
2021-08-09,151.5400,146.671112,135400,0,1,125.702939
2021-08-10,150.7700,145.925888,255300,0,1,125.064221
2021-08-11,150.5000,145.664581,190100,0,1,124.840256
2021-08-12,151.0500,146.196869,173900,0,1,125.296482
2021-08-13,151.5700,146.700180,161100,0,1,125.727824
2021-08-16,151.6500,146.777603,346400,0,1,125.794184
2021-08-17,150.3100,145.480682,381100,0,1,124.682650
2021-08-18,148.8700,144.086960,207400,0,1,123.488165
2021-08-19,149.5700,144.764450,344500,0,1,124.068817
2021-08-20,151.1200,146.264648,224800,0,1,125.354548
2021-08-23,153.3600,148.432678,409000,0,1,127.212635
2021-08-24,153.8700,148.926254,208200,0,1,127.635682
2021-08-25,153.9600,149.013412,296200,0,1,127.710337
2021-08-26,153.0700,148.151993,341400,0,1,126.972079
2021-08-27,154.5300,149.565094,224400,0,1,128.183154
2021-08-30,156.2800,151.258850,822800,0,1,129.634785
2021-08-31,156.1300,151.113678,277800,0,1,129.510359
2021-09-01,156.4100,151.384705,376700,0,1,129.742620
2021-09-02,156.3500,151.326599,330600,0,1,129.692850
2021-09-03,156.8200,151.781525,214500,0,1,130.082717
2021-09-07,157.0400,151.994431,293900,0,1,130.265207
2021-09-08,156.5100,151.481476,348100,0,1,129.825571
2021-09-09,155.9600,150.949142,317100,0,1,129.369344
2021-09-10,154.8000,149.826401,344400,0,1,128.407120
2021-09-13,154.6800,149.710266,335200,0,1,128.307580
2021-09-14,154.2400,149.284393,326700,0,1,127.942598
2021-09-15,155.3600,150.368408,445500,0,1,128.871642
2021-09-16,155.4700,150.474899,446100,0,1,128.962887
2021-09-17,153.6700,148.732712,358200,0,1,127.469781
2021-09-20,150.4000,145.725220,1770000,0.166,1,124.895003
2021-09-21,150.4500,145.773621,992800,0,1,124.936524
2021-09-22,151.8700,147.149536,403500,0,1,126.115719
2021-09-23,153.2500,148.486618,319200,0,1,127.261697
2021-09-24,153.4400,148.670715,330300,0,1,127.419476
2021-09-27,152.2200,147.488632,488600,0,1,126.406365
2021-09-28,148.0500,143.448257,844100,0,1,122.943518
2021-09-29,147.6700,143.080063,666800,0,1,122.627959
2021-09-30,147.1100,142.537476,1045300,0,1,122.162925
2021-10-01,148.0300,143.428879,786500,0,1,122.926910
2021-10-04,145.0100,140.502701,1071800,0,1,120.419045
2021-10-05,146.8800,142.314636,1172800,0,1,121.971928
2021-10-06,147.8800,143.283524,729900,0,1,122.802347
2021-10-07,149.1800,144.543106,369000,0,1,123.881892
2021-10-08,148.4500,143.835815,449300,0,1,123.275686
2021-10-11,147.3200,142.740952,498100,0,1,122.337313
2021-10-12,146.8200,142.256500,307700,0,1,121.922103
2021-10-13,147.9500,143.351349,302100,0,1,122.860476
2021-10-14,150.6900,146.006165,232300,0,1,125.135824
2021-10-15,151.6600,146.946045,201400,0,1,125.941331
2021-10-18,153.1700,148.409103,314300,0,1,127.195263
2021-10-19,154.2600,149.465225,306400,0,1,128.100420
2021-10-20,154.1100,149.319916,241200,0,1,127.975857
2021-10-21,155.0800,150.259735,217200,0,1,128.781363
2021-10-22,153.7600,148.980774,201300,0,1,127.685210
2021-10-25,155.3500,150.521332,269200,0,1,129.005576
2021-10-26,155.7700,150.928299,269900,0,1,129.354352
2021-10-27,156.2100,151.354614,332400,0,1,129.719737
2021-10-28,157.9100,153.001770,261600,0,1,131.131449
2021-10-29,158.7500,153.815643,302800,0,1,131.829001
2021-11-01,159.2200,154.271057,406400,0,1,132.219297
2021-11-02,159.8900,154.920227,299700,0,1,132.775678
2021-11-03,161.6300,156.606125,340400,0,1,134.220607
2021-11-04,163.6800,158.592438,837700,0,1,135.922966
2021-11-05,163.8300,158.737762,522500,0,1,136.047529
2021-11-08,163.6200,158.534271,264900,0,1,135.873141
2021-11-09,162.5100,157.458771,527100,0,1,134.951376
2021-11-10,160.1200,155.143036,553600,0,1,132.966674
2021-11-11,160.5500,155.559723,268600,0,1,133.323755
2021-11-12,162.2300,157.187469,264200,0,1,134.718858
2021-11-15,162.2000,157.158417,333100,0,1,134.693946
2021-11-16,163.3800,158.301773,237800,0,1,135.673840
2021-11-17,163.4300,158.350189,374200,0,1,135.715361
2021-11-18,165.1100,159.977997,358000,0,1,137.110465
2021-11-19,166.0700,160.908188,3670700,0,1,137.907667
2021-11-22,164.1800,159.076874,2194000,0,1,136.338175
2021-11-23,163.3900,158.311447,658000,0,1,135.682144
2021-11-24,163.9000,158.805588,499300,0,1,136.105658
2021-11-26,160.8000,155.801956,421500,0,1,133.531359
2021-11-29,164.2600,159.154373,457400,0,1,136.404609
2021-11-30,161.8900,156.858063,929700,0,1,134.436516
2021-12-01,159.2200,154.271057,1008800,0,1,132.219297
2021-12-02,160.3100,155.327225,1156200,0,1,133.124454
2021-12-03,157.5400,152.643250,1172300,0,1,130.824194
2021-12-06,158.7600,153.825348,757200,0,1,131.837305
2021-12-07,163.6200,158.534271,504900,0,1,135.873141
2021-12-08,164.3000,159.193146,507000,0,1,136.437825
2021-12-09,161.9600,156.925903,522400,0,1,134.494645
2021-12-10,163.6500,158.563339,562200,0,1,135.898053
2021-12-13,161.2700,156.257339,389100,0,1,133.921656
2021-12-14,159.6700,154.707062,525200,0,1,132.592986
2021-12-15,163.1200,158.049820,497900,0,1,135.457931
2021-12-16,159.1200,154.174149,620800,0,1,132.136256
2021-12-17,158.2500,153.331207,526100,0,1,131.413791
2021-12-20,156.5900,151.865784,768200,0.149,1,130.159028
2021-12-21,160.0000,155.172958,526200,0,1,132.993451
2021-12-22,161.9600,157.073807,436300,0,1,134.622621
2021-12-23,163.2500,158.324844,370300,0,1,135.694881
2021-12-27,165.9000,160.894958,329200,0,1,137.897585
2021-12-28,165.1900,160.206329,478600,0,1,137.307426
2021-12-29,165.1500,160.167511,284000,0,1,137.274178
2021-12-30,164.5100,159.546860,259300,0,1,136.742204
2021-12-31,163.5500,158.615814,356900,0,1,135.944243
2022-01-03,165.2400,160.254852,629800,0,1,137.348987
2022-01-04,163.0700,158.150330,506700,0,1,135.545263
2022-01-05,158.1500,153.378754,971500,0,1,131.455714
2022-01-06,157.9600,153.194443,922500,0,1,131.297785
2022-01-07,156.2700,151.555450,581900,0,1,129.893041
2022-01-10,156.4200,151.700943,1057000,0,1,130.017723
2022-01-11,158.6100,153.824844,597800,0,1,131.838070
2022-01-12,159.3600,154.552231,426300,0,1,132.461477
2022-01-13,155.4700,150.779587,905400,0,1,129.228074
2022-01-14,156.2800,151.565155,1127900,0,1,129.901353
2022-01-18,152.6200,148.015533,915300,0,1,126.859128
2022-01-19,150.7800,146.231094,816800,0,1,125.329703
2022-01-20,148.8100,144.320496,970900,0,1,123.692222
2022-01-21,144.6400,140.276321,1898100,0,1,120.226080
2022-01-24,145.2500,140.867905,3964600,0,1,120.733117
2022-01-25,141.8200,137.541397,1627800,0,1,117.882070
2022-01-26,141.8100,137.531708,4649100,0,1,117.873758
2022-01-27,140.3600,136.125458,956300,0,1,116.668505
2022-01-28,144.6800,140.315094,914100,0,1,120.259328
2022-01-31,149.3100,144.805420,815000,0,1,124.107826
2022-02-01,150.3400,145.804321,1068300,0,1,124.963971
2022-02-02,151.5600,146.987564,962000,0,1,125.978047
2022-02-03,145.4800,141.090958,1426300,0,1,120.924295
2022-02-04,147.1500,142.710587,1146800,0,1,122.312415
2022-02-07,146.1000,141.692261,583100,0,1,121.439645
2022-02-08,147.7400,143.282791,563700,0,1,122.802828
2022-02-09,150.8000,146.250488,665600,0,1,125.346328
2022-02-10,147.5200,143.069443,1175700,0,1,122.619962
2022-02-11,142.8100,138.501541,934500,0,1,118.704967
2022-02-14,142.9900,138.676132,863600,0,1,118.854585
2022-02-15,146.4400,142.022003,402100,0,1,121.722256
2022-02-16,146.4400,142.022003,674600,0,1,121.722256
2022-02-17,142.1100,137.822617,544300,0,1,118.123121
2022-02-18,140.5100,136.270920,594000,0,1,116.793186
2022-02-22,139.1000,134.903473,987200,0,1,115.621182
2022-02-23,135.4700,131.382965,1381100,0,1,112.603893
2022-02-24,139.9700,135.747223,2256600,0,1,116.344333
2022-02-25,142.2400,137.948746,1045700,0,1,118.231178
2022-02-28,142.7900,138.482132,770000,0,1,118.688343
2022-03-01,140.4200,136.183624,828600,0,1,116.718377
2022-03-02,142.8400,138.530594,828300,0,1,118.729903
2022-03-03,140.8200,136.571564,800800,0,1,117.050861
2022-03-04,138.7800,134.593079,700100,0,1,115.355195
2022-03-07,133.6500,129.617889,1087000,0,1,111.091092
2022-03-08,133.0400,129.026291,1688100,0,1,110.584055
2022-03-09,137.7100,133.555374,686500,0,1,114.465801
2022-03-10,136.2800,132.168518,707800,0,1,113.277172
2022-03-11,133.4800,129.453018,592000,0,1,110.949787
2022-03-14,130.9200,126.970245,966200,0,1,108.821891
2022-03-15,135.0200,130.946564,865700,0,1,112.229849
2022-03-16,139.9200,135.698685,1140800,0,1,116.302773
2022-03-17,141.6500,137.376495,757900,0,1,117.740765
2022-03-18,144.5800,140.218140,883400,0,1,120.176207
2022-03-21,144.0300,139.872391,832600,0.194,1,119.880297
2022-03-22,146.8200,142.581879,523100,0,1,122.202494
2022-03-23,144.7300,140.552200,813900,0,1,120.462927
2022-03-24,147.8800,143.611267,511500,0,1,123.084762
2022-03-25,147.8200,143.553024,442400,0,1,123.034822
2022-03-28,150.0300,145.699234,637900,0,1,124.874269
2022-03-29,152.6700,148.263016,2558300,0,1,127.071616
2022-03-30,151.0500,146.689743,541700,0,1,125.723244
2022-03-31,148.9700,144.669815,714800,0,1,123.992000
2022-04-01,148.8400,144.543564,453500,0,1,123.883798
2022-04-04,151.8700,147.486115,486800,0,1,126.405753
2022-04-05,148.5200,144.232773,484500,0,1,123.617452
2022-04-06,145.2400,141.047455,1162600,0,1,120.887414
2022-04-07,145.6200,141.416504,714900,0,1,121.203699
2022-04-08,143.6600,139.513077,667800,0,1,119.572335
2022-04-11,140.3400,136.288940,678300,0,1,116.809004
2022-04-12,139.6300,135.599396,1009400,0,1,116.218051
2022-04-13,142.4700,138.357391,574500,0,1,118.581864
2022-04-14,139.2100,135.191544,409100,0,1,115.868473
2022-04-18,139.3900,135.366318,482400,0,1,116.018292
2022-04-19,142.4100,138.299149,448800,0,1,118.531924
2022-04-20,140.3600,136.308350,517700,0,1,116.825651
2022-04-21,137.5100,133.540588,423800,0,1,114.453514
2022-04-22,133.8500,129.986282,732100,0,1,111.407191
2022-04-25,135.6000,131.685760,797000,0,1,112.863766
2022-04-26,130.4900,126.723259,1116300,0,1,108.610567
2022-04-27,130.3600,126.596977,2493000,0,1,108.502364
2022-04-28,134.9500,131.054504,959000,0,1,112.322753
2022-04-29,128.9400,125.217995,1200400,0,1,107.320457
2022-05-02,131.0600,127.276794,1521300,0,1,109.084994
2022-05-03,131.2400,127.451630,1757800,0,1,109.234813
2022-05-04,135.6400,131.724594,1487600,0,1,112.897059
2022-05-05,128.9900,125.266548,1386500,0,1,107.362074
2022-05-06,127.2700,123.596199,1470400,0,1,105.930468
2022-05-09,122.3800,118.847343,1415500,0,1,101.860381
2022-05-10,123.8100,120.236061,3152100,0,1,103.050611
2022-05-11,120.1100,116.642876,2259800,0,1,99.970995
2022-05-12,119.8300,116.370972,1553100,0,1,99.737943
2022-05-13,124.0900,120.507988,785600,0,1,103.283663
2022-05-16,122.8600,119.313492,796200,0,1,102.259899
2022-05-17,125.9900,122.353142,721100,0,1,104.865088
2022-05-18,119.8800,116.419510,914500,0,1,99.779560
2022-05-19,119.1000,115.662033,768800,0,1,99.130343
2022-05-20,118.7800,115.351273,1309900,0,1,98.863998
2022-05-23,120.6900,117.206131,969500,0,1,100.453746
2022-05-24,118.1700,114.758881,1018900,0,1,98.356278
2022-05-25,119.8100,116.351540,788500,0,1,99.721297
2022-05-26,123.1400,119.585411,818800,0,1,102.492951
2022-05-27,127.1900,123.518501,512000,0,1,105.863882
2022-05-31,126.9400,123.275734,672300,0,1,105.655800
2022-06-01,125.8700,122.236618,567400,0,1,104.765208
2022-06-02,129.3600,125.625870,619500,0,1,107.670035
2022-06-03,125.9100,122.275452,370700,0,1,104.798501
2022-06-06,126.5000,122.848442,425400,0,1,105.289575
2022-06-07,127.4700,123.790421,376100,0,1,106.096934
2022-06-08,126.5400,122.887268,317800,0,1,105.322869
2022-06-09,123.2100,119.653404,547200,0,1,102.551214
2022-06-10,118.8100,115.380402,1178900,0,1,98.888968
2022-06-13,113.4200,110.145981,1623800,0,1,94.402717
2022-06-14,113.5900,110.311073,666900,0,1,94.544212
2022-06-15,116.4000,113.039993,1016300,0,1,96.883056
2022-06-16,111.7200,108.495071,1147800,0,1,92.987758
2022-06-17,113.0000,109.738121,905400,0,1,94.053138
2022-06-21,115.6200,112.486565,584000,0.205,1,96.404467
2022-06-22,115.4800,112.350357,650600,0,1,96.287734
2022-06-23,117.1700,113.994545,706300,0,1,97.696864
2022-06-24,121.4100,118.119644,699900,0,1,101.232195
2022-06-27,120.3000,117.039742,462500,0,1,100.306672
2022-06-28,116.6700,113.508118,458900,0,1,97.279962
2022-06-29,116.7800,113.615135,642500,0,1,97.371680
2022-06-30,115.2000,112.077942,755700,0,1,96.054269
2022-07-01,116.0600,112.914642,821900,0,1,96.771341
2022-07-05,118.0100,114.811783,1149200,0,1,98.397260
2022-07-06,118.7600,115.541489,798200,0,1,99.022613
2022-07-07,121.3300,118.041801,721300,0,1,101.165490
2022-07-08,121.4600,118.168297,510800,0,1,101.273885
2022-07-11,118.8700,115.648476,466500,0,1,99.114331
2022-07-12,117.7500,114.558830,749400,0,1,98.180470
2022-07-13,117.5600,114.373985,808800,0,1,98.022048
2022-07-14,117.9600,114.763138,583200,0,1,98.355569
2022-07-15,120.0100,116.757591,412800,0,1,100.064868
2022-07-18,119.0400,115.813881,624100,0,1,99.256078
2022-07-19,122.6400,119.316315,482800,0,1,102.257774
2022-07-20,124.6600,121.281570,1023500,0,1,103.942059
2022-07-21,126.4500,123.023056,712200,0,1,105.434569
2022-07-22,124.2700,120.902122,711100,0,1,103.616875
2022-07-25,123.5800,120.230850,523600,0,1,103.041550
2022-07-26,121.1400,117.856964,502200,0,1,101.007067
2022-07-27,126.2500,122.828484,686200,0,1,105.267808
2022-07-28,127.4700,124.015404,924100,0,1,106.285049
2022-07-29,129.7900,126.272507,785400,0,1,108.219476
2022-08-01,129.7300,126.214172,533900,0,1,108.169447
2022-08-02,129.2900,125.786095,2538700,0,1,107.802573
2022-08-03,132.7300,129.132858,835700,0,1,110.670861
2022-08-04,133.5000,129.881989,726200,0,1,111.312890
2022-08-05,132.4000,128.811829,736400,0,1,110.395705
2022-08-08,131.9500,128.373993,875700,0,1,110.020493
2022-08-09,130.4500,126.914642,382600,0,1,108.769787
2022-08-10,134.0300,130.397644,1373500,0,1,111.754806
2022-08-11,133.3800,129.765259,593600,0,1,111.212833
2022-08-12,135.9600,132.275345,447800,0,1,113.364049
2022-08-15,137.0200,133.306610,412800,0,1,114.247882
2022-08-16,136.7800,133.073090,534600,0,1,114.047768
2022-08-17,135.1600,131.497025,534900,0,1,112.697005
2022-08-18,135.4700,131.798599,447800,0,1,112.955485
2022-08-19,132.8200,129.220428,1012500,0,1,110.745903
2022-08-22,129.3800,125.873642,535100,0,1,107.877616
2022-08-23,129.2500,125.747177,2853800,0,1,107.769221
2022-08-24,129.5500,126.039062,624500,0,1,108.019363
2022-08-25,131.9000,128.325348,346400,0,1,109.978803
2022-08-26,126.5300,123.100883,1013000,0,1,105.501273
2022-08-29,125.2300,121.836113,772900,0,1,104.417327
2022-08-30,123.8500,120.493530,675100,0,1,103.266677
2022-08-31,123.2200,119.880585,617100,0,1,102.741381
2022-09-01,123.1700,119.831947,947000,0,1,102.699690
2022-09-02,121.5100,118.216934,674800,0,1,101.315575
2022-09-06,120.6100,117.341324,1010000,0,1,100.565151
2022-09-07,123.0100,119.676285,594900,0,1,102.566282
2022-09-08,123.6200,120.269753,1014200,0,1,103.074902
2022-09-09,126.2500,122.828484,670800,0,1,105.267808
2022-09-12,127.8100,124.346199,422900,0,1,106.568543
2022-09-13,120.8400,117.565086,811300,0,1,100.756926
2022-09-14,121.8200,118.518539,1162000,0,1,101.574054
2022-09-15,119.7500,116.504631,758000,0,1,99.848079
2022-09-16,118.9300,115.706863,711600,0,1,99.164360
2022-09-19,119.7300,116.725632,566400,0.245,1,100.035685
2022-09-20,118.7600,115.779991,377000,0,1,99.225240
2022-09-21,116.6300,113.703423,1427900,0,1,97.445602
2022-09-22,115.2000,112.309311,869500,0,1,96.250822
2022-09-23,113.4000,110.554474,1629900,0,1,94.746903
2022-09-26,112.7200,109.891541,842500,0,1,94.178756
2022-09-27,112.9200,110.086502,947300,0,1,94.345858
2022-09-28,115.2100,112.319046,1202800,0,1,96.259177
2022-09-29,111.9400,109.131104,1324000,0,1,93.527058
2022-09-30,109.9500,107.191055,1200100,0,1,91.864391
2022-10-03,112.5300,109.706291,1097500,0,1,94.020009
2022-10-04,116.0900,113.176979,1051200,0,1,96.994427
2022-10-05,115.9600,113.050224,798500,0,1,96.885810
2022-10-06,115.1200,112.231323,844900,0,1,96.183981
2022-10-07,110.6700,107.892967,1635900,0,1,92.465959
2022-10-10,109.5400,106.791344,987600,0,1,91.521832
2022-10-11,108.1600,105.445976,1381800,0,1,90.368827
2022-10-12,108.1100,105.397217,824400,0,1,90.327052
2022-10-13,110.5600,107.785744,1791100,0,1,92.374053
2022-10-14,107.2800,104.588043,1020400,0,1,89.633578
2022-10-17,110.7400,107.961205,862500,0,1,92.524445
2022-10-18,111.7200,108.916626,973100,0,1,93.343245
2022-10-19,111.3000,108.507179,1168700,0,1,92.992331
2022-10-20,110.6700,107.892967,967700,0,1,92.465959
2022-10-21,113.3300,110.486237,846700,0,1,94.688417
2022-10-24,114.5700,111.695114,1743000,0,1,95.724450
2022-10-25,116.8800,113.947144,689900,0,1,97.654480
2022-10-26,114.3000,111.431892,1193200,0,1,95.498863
2022-10-27,112.2100,109.394348,843200,0,1,93.752645
2022-10-28,115.6800,112.777267,899900,0,1,96.651867
2022-10-31,114.3500,111.480637,606000,0,1,95.540638
2022-11-01,113.1700,110.330238,927800,0,1,94.554736
2022-11-02,109.3400,106.596336,1434400,0,1,91.354730
2022-11-03,107.2100,104.519814,1192500,0,1,89.575092
2022-11-04,108.8400,106.108879,1465700,0,1,90.936975
2022-11-07,110.0600,107.298286,562800,0,1,91.956298
2022-11-08,110.8800,108.097694,1162700,0,1,92.641416
2022-11-09,108.3400,105.621429,674800,0,1,90.519219
2022-11-10,116.2400,113.323196,3049100,0,1,97.119753
2022-11-11,118.4600,115.487511,978800,0,1,98.974587
2022-11-14,117.4200,114.473595,1386400,0,1,98.105656
2022-11-15,119.0500,116.062698,1269000,0,1,99.467538
2022-11-16,117.4000,114.454117,618900,0,1,98.088945
2022-11-17,117.1700,114.229866,874900,0,1,97.896778
2022-11-18,117.2900,114.346870,731800,0,1,97.997039
2022-11-21,115.9800,113.069740,455400,0,1,96.902520
2022-11-22,117.5900,114.639336,697100,0,1,98.247693
2022-11-23,118.9000,115.916466,834400,0,1,99.342211
2022-11-25,118.0400,115.078056,476400,0,1,98.623672
2022-11-28,116.2800,113.362198,530900,0,1,97.153174
2022-11-29,115.4600,112.562790,467000,0,1,96.468055
2022-11-30,120.7400,117.710312,1158200,0,1,100.879551
2022-12-01,120.8600,117.827278,1104000,0,1,100.979812
2022-12-02,120.3500,117.330078,767000,0,1,100.553702
2022-12-05,118.3900,115.419250,474400,0,1,98.916101
2022-12-06,116.0300,113.118477,718200,0,1,96.944296
2022-12-07,115.3900,112.494537,800900,0,1,96.409569
2022-12-08,116.7400,113.810654,716600,0,1,97.537508
2022-12-09,116.0700,113.157463,1071300,0,1,96.977716
2022-12-12,117.4700,114.522362,518100,0,1,98.147431
2022-12-13,118.7800,115.799484,1648100,0,1,99.241950
2022-12-14,117.7700,114.814819,1154600,0,1,98.398084
2022-12-15,114.0000,111.139404,1570500,0,1,95.248209
2022-12-16,112.8600,110.028030,2342100,0,1,94.295727
2022-12-19,111.0100,108.483986,815200,0.27,1,92.975621
2022-12-20,110.8900,108.366707,733100,0,1,92.875115
2022-12-21,112.5000,109.940071,864500,0,1,94.223559
2022-12-22,109.7900,107.291740,2351700,0,1,91.953818
2022-12-23,110.0300,107.526276,854700,0,1,92.154829
2022-12-27,108.3900,105.923615,1028700,0,1,90.781259
2022-12-28,107.0000,104.565231,854200,0,1,89.617074
2022-12-29,109.6500,107.154938,776100,0,1,91.836562
2022-12-30,109.5300,107.037666,766800,0,1,91.736057
2023-01-03,108.7500,106.275414,1514100,0,1,91.082774
2023-01-04,109.3100,106.822670,750000,0,1,91.551798
2023-01-05,107.7000,105.249283,848900,0,1,90.203354
2023-01-06,110.5400,108.024673,1068700,0,1,92.581975
2023-01-09,111.3400,108.806465,1815400,0,1,93.252010
2023-01-10,112.2700,109.715302,463800,0,1,94.030924
2023-01-11,114.2400,111.640472,536700,0,1,95.680884
2023-01-12,114.8100,112.197502,909900,0,1,96.158283
2023-01-13,115.6000,112.969543,608100,0,1,96.819942
2023-01-17,115.8400,113.204056,844200,0,1,97.020952
2023-01-18,114.3200,111.718643,491100,0,1,95.747887
2023-01-19,113.2000,110.624146,547400,0,1,94.809839
2023-01-20,116.3100,113.663368,547600,0,1,97.414597
2023-01-23,118.8600,116.155365,731700,0,1,99.550331
2023-01-24,118.6400,115.940346,706100,0,1,99.366072
2023-01-25,118.3900,115.696030,604700,0,1,99.156686
2023-01-26,120.6900,117.943710,749100,0,1,101.083034
2023-01-27,121.8700,119.096870,1474800,0,1,102.071335
2023-01-30,119.3900,116.673302,555000,0,1,99.994229
2023-01-31,121.2200,118.461639,961800,0,1,101.526932
2023-02-01,123.8200,121.002480,1414400,0,1,103.704543
2023-02-02,128.2000,125.282829,1880000,0,1,107.372980
2023-02-03,125.9900,123.123116,1305300,0,1,105.522011
2023-02-06,124.8700,122.028595,978300,0,1,104.583963
2023-02-07,127.4900,124.588982,4281500,0,1,106.778325
2023-02-08,125.2200,122.370636,1015100,0,1,104.877103
2023-02-09,124.1300,121.305428,955800,0,1,103.964181
2023-02-10,123.3200,120.513870,597500,0,1,103.285772
2023-02-13,125.3100,122.458588,893600,0,1,104.952482
2023-02-14,126.2100,123.338104,603000,0,1,105.706270
2023-02-15,127.1800,124.286041,436200,0,1,106.518687
2023-02-16,124.7900,121.950417,585700,0,1,104.516960
2023-02-17,123.9000,121.080673,1586400,0,1,103.771547
2023-02-21,121.0100,118.256432,893600,0,1,101.351048
2023-02-22,121.0200,118.266205,1764900,0,1,101.359423
2023-02-23,122.0800,119.302086,776600,0,1,102.247219
2023-02-24,120.0500,117.318275,1010200,0,1,100.547007
2023-02-27,120.9300,118.178253,661400,0,1,101.284045
2023-02-28,120.7900,118.041443,701800,0,1,101.166789
2023-03-01,119.7800,117.054413,612200,0,1,100.320870
2023-03-02,120.8700,118.119614,622200,0,1,101.233792
2023-03-03,123.3000,120.494331,697500,0,1,103.269021
2023-03-06,123.4500,120.640923,1120500,0,1,103.394652
2023-03-07,121.9300,119.155502,3501300,0,1,102.121587
2023-03-08,122.5300,119.741844,522300,0,1,102.624113
2023-03-09,120.3700,117.631012,770600,0,1,100.815021
2023-03-10,118.7400,116.038078,1956400,0,1,99.449826
2023-03-13,119.5500,116.829659,2473000,0,1,100.128236
2023-03-14,122.2700,119.487762,1065000,0,1,102.406352
2023-03-15,122.9400,120.142509,1379200,0,1,102.967506
2023-03-16,126.2000,123.328331,1123700,0,1,105.697895
2023-03-17,125.6300,122.771286,2094700,0,1,105.220496
2023-03-20,125.7800,123.166908,910200,0.254,1,105.558863
2023-03-21,127.6100,124.958900,3538800,0,1,107.094661
2023-03-22,125.8500,123.235451,2601000,0,1,105.617609
2023-03-23,127.4100,124.763054,1727900,0,1,106.926814
2023-03-24,127.8600,125.203682,1053600,0,1,107.304470
2023-03-27,127.0000,124.361557,1163600,0,1,106.582728
2023-03-28,126.3200,123.695694,647600,0,1,106.012049
2023-03-29,128.6400,125.967491,632300,0,1,107.959072
2023-03-30,129.8400,127.142525,1087900,0,1,108.966153
2023-03-31,132.0100,129.267471,602700,0,1,110.787291
2023-04-03,131.6600,128.924759,1073200,0,1,110.493559
2023-04-04,131.2300,128.503708,966700,0,1,110.132689
2023-04-05,129.8800,127.181725,970300,0,1,108.999723
2023-04-06,130.8100,128.092407,634400,0,1,109.780210
2023-04-10,130.7200,128.004288,950100,0,1,109.704679
2023-04-11,129.8700,127.171913,568100,0,1,108.991330
2023-04-12,128.7100,126.036041,1110800,0,1,108.017819
2023-04-13,131.3000,128.572189,522000,0,1,110.191435
2023-04-14,131.0400,128.317642,541900,0,1,109.973234
2023-04-17,131.1400,128.415543,402900,0,1,110.057158
2023-04-18,131.1100,128.386154,783100,0,1,110.031980
2023-04-19,131.1100,128.386154,583700,0,1,110.031980
2023-04-20,130.0700,127.367783,712900,0,1,109.159177
2023-04-21,130.1900,127.485283,529300,0,1,109.259885
2023-04-24,129.9500,127.250259,683900,0,1,109.058469
2023-04-25,127.4800,124.831589,797300,0,1,106.985561
2023-04-26,128.2300,125.566025,746700,0,1,107.614986
2023-04-27,131.7400,129.003082,787400,0,1,110.560698
2023-04-28,132.6800,129.923599,927700,0,1,111.349578
2023-05-01,132.4800,129.727722,561000,0,1,111.181731
2023-05-02,131.3100,128.582001,986000,0,1,110.199827
2023-05-03,130.5000,127.788872,920600,0,1,109.520048
2023-05-04,130.1000,127.397186,629300,0,1,109.184354
2023-05-05,132.8300,130.070435,735000,0,1,111.475463
2023-05-08,133.1800,130.413162,1496500,0,1,111.769195
2023-05-09,132.3200,129.571045,959600,0,1,111.047454
2023-05-10,133.7200,130.941956,696800,0,1,112.222381
2023-05-11,134.1800,131.392365,753600,0,1,112.608429
2023-05-12,133.6500,130.873398,591100,0,1,112.163635
2023-05-15,134.4300,131.637192,553600,0,1,112.818238
2023-05-16,134.5600,131.764496,590900,0,1,112.927338
2023-05-17,136.1500,133.321457,837000,0,1,114.261720
2023-05-18,138.7100,135.828278,1059600,0,1,116.410160
2023-05-19,138.3800,135.505142,1003500,0,1,116.133212
2023-05-22,138.9400,136.053513,756600,0,1,116.603183
2023-05-23,137.1000,134.251740,1737000,0,1,115.058993
2023-05-24,136.4300,133.595673,2195900,0,1,114.496706
2023-05-25,139.7200,136.817291,1230700,0,1,117.257786
2023-05-26,143.3100,140.332718,1269200,0,1,120.270636
2023-05-30,143.9300,140.939804,1282400,0,1,120.790961
2023-05-31,143.0900,140.117279,1494100,0,1,120.086005
2023-06-01,144.7900,141.781967,699300,0,1,121.512703
2023-06-02,145.9100,142.878723,1266900,0,1,122.452645
2023-06-05,145.9600,142.927658,8216900,0,1,122.494607
2023-06-06,145.9600,142.927658,933800,0,1,122.494607
2023-06-07,143.4900,140.509003,1048400,0,1,120.421698
2023-06-08,145.1800,142.163864,559300,0,1,121.840004
2023-06-09,145.7800,142.751373,839100,0,1,122.343544
2023-06-12,148.2700,145.189667,696000,0,1,124.433237
2023-06-13,149.4500,146.345169,1007700,0,1,125.423534
2023-06-14,150.5300,147.402710,1288100,0,1,126.329906
2023-06-15,152.2900,149.126160,949800,0,1,127.806958
2023-06-16,151.3200,148.176300,1002400,0,1,126.992901
2023-06-20,150.9500,148.026291,1093000,0.217,1,126.864498
2023-06-21,148.9600,146.074829,973600,0,1,125.192022
2023-06-22,150.6400,147.722275,763500,0,1,126.603962
2023-06-23,149.1200,146.231720,633000,0,1,125.326492
2023-06-26,147.2000,144.348923,2466400,0,1,123.712846
2023-06-27,149.6900,146.790695,2390100,0,1,125.805543
2023-06-28,149.9900,147.084869,740000,0,1,126.057676
2023-06-29,149.6800,146.780853,778700,0,1,125.797139
2023-06-30,151.9800,149.036316,908400,0,1,127.730152
2023-07-03,152.3600,149.408951,428900,0,1,128.049520
2023-07-05,152.3100,149.359909,893500,0,1,128.007498
2023-07-06,151.1400,148.212601,1248200,0,1,127.024182
2023-07-07,150.7100,147.790924,888900,0,1,126.662793
2023-07-10,150.7400,147.820358,885800,0,1,126.688006
2023-07-11,151.4300,148.496948,898800,0,1,127.267910
2023-07-12,153.3600,150.389603,1346000,0,1,128.889960
2023-07-13,155.9400,152.919601,981600,0,1,131.058297
2023-07-14,155.9700,152.949020,1169800,0,1,131.083510
2023-07-17,157.3400,154.292480,682400,0,1,132.234913
2023-07-18,158.7000,155.626144,1215900,0,1,133.377913
2023-07-19,158.5300,155.459457,1192300,0,1,133.235038
2023-07-20,154.9900,151.988052,974100,0,1,130.259878
2023-07-21,154.5400,151.546738,915900,0,1,129.881680
2023-07-24,154.7900,151.791901,742500,0,1,130.091790
2023-07-25,155.8800,152.860779,647700,0,1,131.007870
2023-07-26,155.2900,152.282211,964600,0,1,130.512010
2023-07-27,154.9300,151.929169,1110500,0,1,130.209452
2023-07-28,157.7300,154.674973,1118600,0,1,132.562685
2023-07-31,157.9300,154.871078,945200,0,1,132.730773
2023-08-01,157.4900,154.439590,795400,0,1,132.360980
2023-08-02,154.0300,151.046616,1291100,0,1,129.453055
2023-08-03,153.7400,150.762268,1029500,0,1,129.209328
2023-08-04,153.0600,150.095413,1220900,0,1,128.637828
2023-08-07,154.3200,151.331009,1567200,0,1,129.696783
2023-08-08,153.0100,150.046341,1266300,0,1,128.595806
2023-08-09,151.3100,148.379318,1736100,0,1,127.167057
2023-08-10,151.6600,148.722534,1097000,0,1,127.461211
2023-08-11,150.6700,147.751694,838700,0,1,126.629175
2023-08-14,152.4000,149.448166,764500,0,1,128.083137
2023-08-15,150.7800,147.859528,977900,0,1,126.721624
2023-08-16,149.1300,146.241531,1037400,0,1,125.334897
2023-08-17,147.5100,144.652893,1460300,0,1,123.973383
2023-08-18,147.3100,144.456772,1022400,0,1,123.805295
2023-08-21,149.7500,146.849518,2346900,0,1,125.855970
2023-08-22,149.5000,146.604355,915900,0,1,125.645860
2023-08-23,151.9000,148.957855,732400,0,1,127.662917
2023-08-24,148.5800,145.702179,1353700,0,1,124.872654
2023-08-25,149.8100,146.908371,1326100,0,1,125.906396
2023-08-28,150.9500,148.026291,780900,0,1,126.864498
2023-08-29,154.1500,151.164307,811700,0,1,129.553908
2023-08-30,155.0800,152.076279,1261700,0,1,130.335518
2023-08-31,155.4300,152.419479,725100,0,1,130.629672
2023-09-01,155.3700,152.360641,1110400,0,1,130.579246
2023-09-05,155.5500,152.537170,706400,0,1,130.730525
2023-09-06,154.2300,151.242722,921000,0,1,129.621143
2023-09-07,153.0600,150.095413,1088700,0,1,128.637828
2023-09-08,153.2800,150.311142,1028100,0,1,128.822725
2023-09-11,155.1100,152.105743,1247900,0,1,130.360731
2023-09-12,153.3900,150.419022,1079200,0,1,128.915173
2023-09-13,153.9900,151.007385,825300,0,1,129.419438
2023-09-14,155.2300,152.223358,698300,0,1,130.461584
2023-09-15,152.5000,149.546265,1116500,0,1,128.167181
2023-09-18,152.4900,149.777084,782800,0.245,1,128.364685
2023-09-19,152.1800,149.472565,802800,0,1,128.103730
2023-09-20,149.9900,147.321548,1389400,0,1,126.260208
2023-09-21,147.1600,144.541870,1207500,0,1,123.877940
2023-09-22,147.2500,144.630310,1202900,0,1,123.953701
2023-09-25,147.9500,145.317841,844700,0,1,124.542954
2023-09-26,145.6900,143.098053,1384000,0,1,122.640507
2023-09-27,146.0600,143.461487,1495700,0,1,122.951970
2023-09-28,147.2300,144.610672,1620200,0,1,123.936865
2023-09-29,147.4100,144.787476,1517600,0,1,124.088387
2023-10-02,148.6500,146.005386,2144600,0,1,125.132208
2023-10-03,145.9900,143.392731,1379100,0,1,122.893044
2023-10-04,148.0100,145.376755,969600,0,1,124.593462
2023-10-05,147.5300,144.905304,899900,0,1,124.189402
2023-10-06,149.9900,147.321548,1372500,0,1,126.260208
2023-10-09,150.7900,148.107315,746900,0,1,126.933640
2023-10-10,151.6100,148.912720,1103900,0,1,127.623909
2023-10-11,152.7100,149.993149,1025500,0,1,128.549879
2023-10-12,152.1600,149.452942,1983200,0,1,128.086894
2023-10-13,150.2700,147.596558,1044100,0,1,126.495909
2023-10-16,152.0100,149.305634,687500,0,1,127.960625
2023-10-17,151.5000,148.804672,932900,0,1,127.531312
2023-10-18,149.4900,146.830444,1282400,0,1,125.839312
2023-10-19,148.0700,145.435699,1339600,0,1,124.643969
2023-10-20,145.8900,143.294479,1546500,0,1,122.808865
2023-10-23,146.3200,143.716843,1505900,0,1,123.170835
2023-10-24,147.7300,145.101746,1009200,0,1,124.357760
2023-10-25,144.1300,141.565796,1450300,0,1,121.327313
2023-10-26,141.2600,138.746887,2115500,0,1,118.911374
2023-10-27,142.0900,139.562088,1791100,0,1,119.610060
2023-10-30,143.6700,141.113968,1078500,0,1,120.940090
2023-10-31,144.3300,141.762253,6855600,0,1,121.495672
2023-11-01,146.9300,144.315994,1408700,0,1,123.684328
2023-11-02,149.5100,146.850067,2679400,0,1,125.856148
2023-11-03,151.3000,148.608246,1677900,0,1,127.362954
2023-11-06,151.8700,149.168106,1671700,0,1,127.842774
2023-11-07,153.3300,150.602173,1201400,0,1,129.071789
2023-11-08,153.4500,150.720001,1130200,0,1,129.172804
2023-11-09,152.2900,149.580612,2382600,0,1,128.196327
2023-11-10,155.6400,152.871033,2247800,0,1,131.016326
2023-11-13,155.2200,152.458511,1368000,0,1,130.662774
2023-11-14,158.5300,155.709595,1487200,0,1,133.449101
2023-11-15,158.6600,155.837311,1096900,0,1,133.558534
2023-11-16,158.8000,155.974823,1447800,0,1,133.676385
2023-11-17,158.8400,156.014114,898700,0,1,133.710057
2023-11-20,160.7600,157.899933,5628300,0,1,135.326295
2023-11-21,159.8300,156.986496,1297000,0,1,134.543430
2023-11-22,160.4900,157.634720,1596500,0,1,135.099012
2023-11-24,160.2600,157.408844,504700,0,1,134.905400
2023-11-27,160.1000,157.251694,1168200,0,1,134.770713
2023-11-28,160.5200,157.664215,1251600,0,1,135.124265
2023-11-29,160.4000,157.546341,841800,0,1,135.023250
2023-11-30,159.9500,157.104355,1216600,0,1,134.644444
2023-12-01,160.4300,157.575806,1212000,0,1,135.048504
2023-12-04,158.9300,156.102524,2054700,0,1,133.785818
2023-12-05,159.3500,156.515045,3481000,0,1,134.139370
2023-12-06,158.4000,155.581924,1878500,0,1,133.339669
2023-12-07,160.6900,157.831192,1269300,0,1,135.267370
2023-12-08,161.3700,158.499084,1461600,0,1,135.839787
2023-12-11,162.7500,159.854538,897700,0,1,137.001459
2023-12-12,164.0800,161.160873,773100,0,1,138.121041
2023-12-13,166.1200,163.164581,2177000,0,1,139.838294
2023-12-14,165.9700,163.017258,1779300,0,1,139.712025
2023-12-15,166.6300,163.665512,1465400,0,1,140.267607
2023-12-18,167.4800,164.877365,1690100,0.381,1,141.303852
2023-12-19,168.2900,165.674789,1065000,0,1,141.987253
2023-12-20,165.8100,163.233322,1346100,0,1,139.894863
2023-12-21,167.7500,165.143173,1171600,0,1,141.531652
2023-12-22,168.0200,165.409012,1329800,0,1,141.759453
2023-12-26,169.0300,166.403320,794500,0,1,142.611596
2023-12-27,169.3500,166.718338,1616300,0,1,142.881582
2023-12-28,169.2800,166.649414,1279800,0,1,142.822522
2023-12-29,168.5400,165.920898,1147900,0,1,142.198180
2024-01-02,165.7000,163.125031,2061700,0,1,139.802055
2024-01-03,163.9200,161.372696,1871000,0,1,138.300259
2024-01-04,163.1100,160.575317,1375700,0,1,137.616857
2024-01-05,163.3200,160.782043,1114000,0,1,137.794036
2024-01-08,166.7000,164.109467,1894200,0,1,140.645761
2024-01-09,167.0200,164.424545,1583700,0,1,140.915747
2024-01-10,168.1600,165.546814,1122200,0,1,141.877572
2024-01-11,168.5400,165.920898,4047600,0,1,142.198180
2024-01-12,168.6000,165.979980,1289100,0,1,142.248802
2024-01-16,168.5700,165.950439,1202700,0,1,142.223491
2024-01-17,167.6200,165.015213,3775400,0,1,141.421971
2024-01-18,170.0900,167.446838,1867700,0,1,143.505924
2024-01-19,173.3900,170.695526,1876100,0,1,146.290153
2024-01-22,173.6000,170.902298,2086400,0,1,146.467331
2024-01-23,174.3700,171.660309,1043200,0,1,147.116985
2024-01-24,175.2900,172.566010,2255800,0,1,147.893194
2024-01-25,175.4900,172.762939,1431500,0,1,148.061935
2024-01-26,174.4700,171.758759,1054900,0,1,147.201356
2024-01-29,176.2500,173.511093,1117000,0,1,148.703152
2024-01-30,175.0500,172.329758,1683300,0,1,147.690705
2024-01-31,171.6100,168.943222,2298800,0,1,144.788357
2024-02-01,173.7200,171.020386,2048200,0,1,146.568576
2024-02-02,176.6700,173.924561,2009700,0,1,149.057508
2024-02-05,176.3800,173.639084,1663700,0,1,148.812834
2024-02-06,176.0400,173.304337,1471100,0,1,148.525974
2024-02-07,177.8200,175.056702,1445600,0,1,150.027770
2024-02-08,178.1700,175.401260,817800,0,1,150.323067
2024-02-09,179.9000,177.104370,1763300,0,1,151.782678
2024-02-12,179.2000,176.415237,1826200,0,1,151.192084
2024-02-13,176.4000,173.658768,1726200,0,1,148.829708
2024-02-14,178.3500,175.578461,992700,0,1,150.474934
2024-02-15,178.8800,176.100235,1339500,0,1,150.922098
2024-02-16,177.2500,174.495560,2130900,0,1,149.546858
2024-02-20,175.9100,173.176361,5382800,0,1,148.416292
2024-02-21,175.1800,172.457703,2359800,0,1,147.800387
2024-02-22,180.3600,177.557205,2738200,0,1,152.170783
2024-02-23,179.8100,177.015778,1355400,0,1,151.706745
2024-02-26,179.7400,176.946869,1129900,0,1,151.647685
2024-02-27,180.1600,177.360336,1076000,0,1,152.002042
2024-02-28,179.1900,176.405411,1594600,0,1,151.183647
2024-02-29,180.6900,177.882126,1230900,0,1,152.449206
2024-03-01,183.4800,180.628723,1554300,0,1,154.803145
2024-03-04,182.7600,179.919922,1453700,0,1,154.195677
2024-03-05,179.5100,176.720428,2065000,0,1,151.453633
2024-03-06,180.6700,177.862411,1524700,0,1,152.432332
2024-03-07,183.3900,180.540161,1841600,0,1,154.727211
2024-03-08,180.7400,177.931290,2679600,0,1,152.491391
2024-03-11,180.0800,177.281570,2221200,0,1,151.934545
2024-03-12,182.6300,179.791977,4639500,0,1,154.085995
2024-03-13,181.2400,178.423538,1674200,0,1,152.913244
2024-03-14,180.8100,178.000259,1672700,0,1,152.550450
2024-03-15,178.6400,175.863953,2464100,0,1,150.719609
2024-03-18,179.9900,177.535843,3187200,0.345,1,152.149690
2024-03-19,180.4300,177.969833,1451200,0,1,152.521632
2024-03-20,182.5900,180.100372,1301800,0,1,154.347530
2024-03-21,183.4200,180.919067,1914700,0,1,155.049148
2024-03-22,183.5900,181.086761,1142800,0,1,155.192853
2024-03-25,183.0000,180.504791,1089800,0,1,154.694112
2024-03-26,182.4000,179.912949,1432300,0,1,154.186919
2024-03-27,183.0700,180.573883,2540700,0,1,154.753285
2024-03-28,182.6900,180.199036,1343700,0,1,154.432062
2024-04-01,183.1100,180.613297,1510000,0,1,154.787098
2024-04-02,181.5000,179.025269,1803400,0,1,153.426128
2024-04-03,181.9100,179.429657,1773500,0,1,153.772710
2024-04-04,179.1200,176.677704,2354100,0,1,151.414259
2024-04-05,181.2400,178.768799,2193700,0,1,153.206344
2024-04-08,181.3100,178.837830,1171400,0,1,153.265517
2024-04-09,181.9500,179.469086,1335800,0,1,153.806523
2024-04-10,180.3800,177.920502,1667500,0,1,152.479366
2024-04-11,183.2900,180.790833,986500,0,1,154.939256
2024-04-12,180.3300,177.871201,2174600,0,1,152.437100
2024-04-15,177.3600,174.941727,3120100,0,1,149.926491
2024-04-16,177.3700,174.951599,2670400,0,1,149.934944
2024-04-17,175.2300,172.840729,1996300,0,1,148.125953
2024-04-18,174.2600,171.883957,1978500,0,1,147.305989
2024-04-19,170.6300,168.303452,2820600,0,1,144.237467
2024-04-22,172.3500,170.000000,1469300,0,1,145.691422
2024-04-23,174.9000,172.515228,2176200,0,1,147.846996
2024-04-24,175.4900,173.097229,1234900,0,1,148.345737
2024-04-25,174.6500,172.268631,1234800,0,1,147.635665
2024-04-26,177.3500,174.931854,1044100,0,1,149.918037
2024-04-29,178.0600,175.632141,1590700,0,1,150.518217
2024-04-30,174.6800,172.298218,1239100,0,1,147.661025
2024-05-01,173.4500,171.084991,1449600,0,1,146.621278
2024-05-02,175.6500,173.255020,1275100,0,1,148.480988
2024-05-03,179.2000,176.756607,1944800,0,1,151.481885
2024-05-06,181.1900,178.719482,984100,0,1,153.164078
2024-05-07,181.1900,178.719482,1363700,0,1,153.164078
2024-05-08,181.0800,178.610962,818800,0,1,153.071092
2024-05-09,181.4800,179.005508,1437700,0,1,153.409221
2024-05-10,181.9000,179.419785,957700,0,1,153.764257
2024-05-13,182.3400,179.853821,1291300,0,1,154.136199
2024-05-14,183.5000,180.997955,1155300,0,1,155.116774
2024-05-15,186.3500,183.809128,1657400,0,1,157.525945
2024-05-16,185.9900,183.454041,1669100,0,1,157.221628
2024-05-17,185.9100,183.375122,1114100,0,1,157.154002
2024-05-20,187.2000,184.647507,1119800,0,1,158.244469
2024-05-21,187.5700,185.012482,1010600,0,1,158.557239
2024-05-22,187.5200,184.963181,1052500,0,1,158.514973
2024-05-23,186.7000,184.154358,6090500,0,1,157.821808
2024-05-24,188.4800,185.910080,1484300,0,1,159.326483
2024-05-28,189.1800,186.600525,1518000,0,1,159.918209
2024-05-29,187.8800,185.318283,1338400,0,1,158.819289
2024-05-30,185.8500,183.315948,1879100,0,1,157.103283
2024-05-31,185.8700,183.335663,1891100,0,1,157.120190
2024-06-03,186.4900,183.947205,1786700,0,1,157.644290
2024-06-04,186.9700,184.420685,2749900,0,1,158.050045
2024-06-05,190.7300,188.129395,1272500,0,1,161.228459
2024-06-06,190.7000,188.099808,2667100,0,1,161.203100
2024-06-07,190.5300,187.932114,1028800,0,1,161.059395
2024-06-10,191.2800,188.671875,957500,0,1,161.693387
2024-06-11,192.6000,189.973938,957700,0,1,162.809213
2024-06-12,195.0900,192.429962,1141500,0,1,164.914068
2024-06-13,196.1800,193.505081,1105300,0,1,165.835470
2024-06-14,197.1900,194.501312,1481000,0,1,166.689246
2024-06-17,199.6100,196.888321,1343400,0,1,168.734928
2024-06-18,199.6700,196.947464,1108700,0,1,168.785647
2024-06-20,198.1200,195.418625,1635900,0,1,167.475397
2024-06-21,197.5400,194.846527,1450800,0,1,166.985109
2024-06-24,195.0500,192.702667,1379000,0.32,1,165.150758
2024-06-25,197.2700,194.895966,899600,0,1,167.030454
2024-06-26,197.7000,195.320770,816200,0,1,167.394539
2024-06-27,198.1900,195.804871,1183200,0,1,167.809427
2024-06-28,197.1100,194.737900,2099400,0,1,166.894981
2024-07-01,198.3300,195.943192,1526800,0,1,167.927967
2024-07-02,200.4000,197.988281,1097400,0,1,169.680656
2024-07-03,202.0600,199.628311,1015300,0,1,171.086194
2024-07-05,204.1900,201.732651,1720100,0,1,172.889686
2024-07-08,204.7000,202.236542,1541200,0,1,173.321508
2024-07-09,204.8500,202.384735,1509000,0,1,173.448515
2024-07-10,207.0000,204.508865,1240300,0,1,175.268941
2024-07-11,202.4400,200.003723,2584400,0,1,171.407944
2024-07-12,203.6700,201.218918,1726200,0,1,172.449397
2024-07-15,204.2000,201.742523,2237200,0,1,172.898153
2024-07-16,204.2600,201.801804,1372800,0,1,172.948956
2024-07-17,198.3000,195.913528,2635600,0,1,167.902565
2024-07-18,197.3000,194.925583,2760500,0,1,167.055855
2024-07-19,195.5600,193.206512,2153500,0,1,165.582580
2024-07-22,198.4900,196.101273,2160200,0,1,168.063440
2024-07-23,197.7800,195.399796,1241600,0,1,167.462276
2024-07-24,190.7200,188.424774,1870300,0,1,161.484505
2024-07-25,188.5500,186.280884,2784700,0,1,159.647144
2024-07-26,190.5500,188.256821,2458100,0,1,161.340564
2024-07-29,190.9100,188.612503,1168000,0,1,161.645379
2024-07-30,188.2900,186.024017,1187800,0,1,159.427000
2024-07-31,193.7600,191.428177,2412500,0,1,164.058502
2024-08-01,189.1900,186.913162,3353600,0,1,160.189038
2024-08-02,184.6700,182.447571,3757100,0,1,156.361910
2024-08-05,179.3600,177.201462,5114000,0,1,151.865880
2024-08-06,180.9200,178.742691,3959700,0,1,153.186748
2024-08-07,178.9400,176.786560,2830600,0,1,151.510262
2024-08-08,184.3700,182.151199,2821800,0,1,156.107897
2024-08-09,185.3400,183.109512,1758700,0,1,156.929205
2024-08-12,185.8100,183.573853,1701700,0,1,157.327159
2024-08-13,190.3800,188.088867,1478100,0,1,161.196623
2024-08-14,190.4500,188.158020,1922800,0,1,161.255893
2024-08-15,195.2700,192.920013,1464100,0,1,165.337034
2024-08-16,195.5000,193.147263,1367100,0,1,165.531778
2024-08-19,198.0700,195.686340,1382900,0,1,167.707822
2024-08-20,197.6400,195.261505,1511200,0,1,167.343737
2024-08-21,198.6000,196.209946,1031900,0,1,168.156578
2024-08-22,195.4300,193.078079,1305200,0,1,165.472508
2024-08-23,197.5300,195.152786,1714400,0,1,167.250599
2024-08-26,195.6300,193.275681,1944500,0,1,165.641850
2024-08-27,196.2400,193.878357,1652200,0,1,166.158343
2024-08-28,194.0300,191.694962,1992700,0,1,164.287114
2024-08-29,193.7100,191.378799,2830400,0,1,164.016167
2024-08-30,196.0800,193.720276,1715900,0,1,166.022869
2024-09-03,190.0800,187.792465,2881000,0,1,160.942610
2024-09-04,189.5500,187.268845,2238900,0,1,160.493854
2024-09-05,189.7800,187.496094,2594600,0,1,160.688597
2024-09-06,184.7000,182.477219,2568200,0,1,156.387311
2024-09-09,187.0400,184.789032,2930900,0,1,158.368612
2024-09-10,188.7300,186.458710,1460900,0,1,159.799552
2024-09-11,192.8000,190.479736,2415700,0,1,163.245661
2024-09-12,194.7700,192.426041,1943600,0,1,164.913679
2024-09-13,195.6300,193.275681,2525400,0,1,165.641850
2024-09-16,194.7900,192.445786,1611800,0,1,164.930614
2024-09-17,194.9000,192.554459,1421500,0,1,165.023752
2024-09-18,194.0300,191.694962,2356400,0,1,164.287114
2024-09-19,198.9400,196.545837,4061900,0,1,168.444460
2024-09-20,198.5900,196.200073,1810500,0,1,168.148111
2024-09-23,198.8000,196.704697,2300100,0.3,1,168.579933
2024-09-24,199.7400,197.634811,2372300,0,1,169.377041
2024-09-25,199.9800,197.872253,1948200,0,1,169.580558
2024-09-26,201.4400,199.316864,2454300,0,1,170.818620
2024-09-27,200.3200,198.208679,2105400,0,1,169.868874
2024-09-30,200.8500,198.733093,1716300,0,1,170.318308
2024-10-01,198.0600,195.972504,2527800,0,1,167.952422
2024-10-02,198.3600,196.269302,1313500,0,1,168.206819
2024-10-03,198.2000,196.111023,1632500,0,1,168.071141
2024-10-04,200.5600,198.446167,1667700,0,1,170.072391
2024-10-07,198.4100,196.318817,1571400,0,1,168.249218
2024-10-08,201.3800,199.257507,1286600,0,1,170.767741
2024-10-09,202.9700,200.830750,2231200,0,1,172.116041
2024-10-10,202.7700,200.632858,1429600,0,1,171.946444
2024-10-11,203.0300,200.890106,824800,0,1,172.166921
2024-10-14,204.7500,202.591980,1012700,0,1,173.625459
2024-10-15,202.0200,199.890762,1813700,0,1,171.310453
2024-10-16,202.0200,199.890762,1498100,0,1,171.310453
2024-10-17,202.2000,200.068848,1399600,0,1,171.463091
2024-10-18,203.5200,201.374969,1661200,0,1,172.582435
2024-10-21,203.8900,201.741043,1296000,0,1,172.896190
2024-10-22,204.1100,201.958725,2778500,0,1,173.082747
2024-10-23,201.0200,198.901291,1568400,0,1,170.462466
2024-10-24,202.6200,200.484451,1456100,0,1,171.819246
2024-10-25,203.8500,201.701477,2144700,0,1,172.862270
2024-10-28,203.9100,201.760818,1485300,0,1,172.913150
2024-10-29,205.8100,203.640808,1227300,0,1,174.524326
2024-10-30,204.3100,202.156616,1158200,0,1,173.252345
2024-10-31,199.1300,197.031204,2249100,0,1,168.859769
2024-11-01,200.6000,198.485733,1574500,0,1,170.106311
2024-11-04,200.0200,197.911850,1606300,0,1,169.614478
2024-11-05,202.5800,200.444870,1277400,0,1,171.785326
2024-11-06,208.0700,205.876999,2837100,0,1,176.440778
2024-11-07,211.3500,209.122437,1749800,0,1,179.222177
2024-11-08,211.6200,209.389557,1311100,0,1,179.451134
2024-11-11,211.5000,209.270859,1503000,0,1,179.349376
2024-11-12,211.1300,208.904739,1384100,0,1,179.035620
2024-11-13,210.8300,208.607895,1322700,0,1,178.781224
2024-11-14,209.3400,207.133591,1020800,0,1,177.517722
2024-11-15,204.3500,202.196182,1775400,0,1,173.286264
2024-11-18,205.8000,203.630905,1323400,0,1,174.515846
2024-11-19,207.2100,205.026077,1283600,0,1,175.711509
2024-11-20,207.1100,204.927094,2509100,0,1,175.626710
2024-11-21,207.8800,205.688995,3741000,0,1,176.279660
2024-11-22,208.1800,205.985840,1603300,0,1,176.534057
2024-11-25,208.5100,206.312332,1484800,0,1,176.813893
2024-11-26,209.6300,207.420532,1175800,0,1,177.763639
2024-11-27,208.0000,205.807739,1384200,0,1,176.381419
2024-11-29,209.8000,207.588760,823500,0,1,177.907797
2024-12-02,212.1000,209.864532,1647000,0,1,179.858168
2024-12-03,212.7500,210.507660,1030600,0,1,180.409360
2024-12-04,215.3700,213.100037,1823800,0,1,182.631088
2024-12-05,214.8000,212.536072,870500,0,1,182.147735
2024-12-06,216.7200,214.435806,1054900,0,1,183.775871
2024-12-09,215.0400,212.773529,1864800,0,1,182.351252
2024-12-10,214.2800,212.021545,1863900,0,1,181.706781
2024-12-11,218.1300,215.830948,1848200,0,1,184.971533
2024-12-12,216.7300,214.445679,1325600,0,1,183.784351
2024-12-13,218.4100,216.108017,1437000,0,1,185.208970
2024-12-16,221.5100,219.175323,1637300,0,1,187.837731
2024-12-17,220.5800,218.255142,2469100,0,1,187.049103
2024-12-18,212.6400,210.398819,3030500,0,1,180.316081
2024-12-19,211.6200,209.389557,2434100,0,1,179.451134
2024-12-20,213.5400,211.289307,3053000,0,1,181.079270
2024-12-23,215.2800,213.320709,1816700,0.31,1,182.817645
2024-12-24,218.2100,216.224014,1786500,0,1,185.305826
2024-12-26,218.0400,216.055557,970300,0,1,185.161461
2024-12-27,215.1500,213.191864,1696000,0,1,182.707248
2024-12-30,212.2600,210.328156,3511900,0,1,180.253035
2024-12-31,210.4500,208.534637,2356500,0,1,178.715967
2025-01-02,210.0500,208.138275,3223300,0,1,178.376283
2025-01-03,213.4600,211.517258,2626100,0,1,181.272085
2025-01-06,215.9300,213.964752,2185000,0,1,183.369630
2025-01-07,212.0900,210.159714,2788800,0,1,180.108669
2025-01-08,212.1700,210.238968,1991500,0,1,180.176606
2025-01-10,208.8500,206.949203,2804600,0,1,177.357233
2025-01-13,208.1400,206.245651,1823400,0,1,176.754295
2025-01-14,207.9500,206.057373,1651100,0,1,176.592945
2025-01-15,212.6600,210.724548,1966900,0,1,180.592718
2025-01-16,211.2200,209.297623,1765700,0,1,179.369858
2025-01-17,214.7800,212.825211,1776000,0,1,182.393040
2025-01-21,216.1000,214.133224,2070000,0,1,183.513996
2025-01-22,218.8300,216.838379,2433400,0,1,185.832336
2025-01-23,219.3100,217.313995,1914400,0,1,186.239956
2025-01-24,218.0500,216.065460,1854200,0,1,185.169953
2025-01-27,211.7100,209.783188,5208400,0,1,179.785970
2025-01-28,214.8100,212.854950,2485700,0,1,182.418517
2025-01-29,214.4400,212.488342,2332200,0,1,182.104309
2025-01-30,215.3400,213.380127,2123100,0,1,182.868597
2025-01-31,214.9900,213.033340,3521100,0,1,182.571374
2025-02-03,213.3100,211.368637,2447300,0,1,181.144704
2025-02-04,215.9500,213.984573,1612600,0,1,183.386615
2025-02-05,216.9000,214.925934,1896900,0,1,184.193363
2025-02-06,218.0400,216.055557,2485400,0,1,185.161461
2025-02-07,215.3500,213.390030,2458600,0,1,182.877089
2025-02-10,217.8600,215.877197,1753400,0,1,185.008603
2025-02-11,217.4000,215.421402,1318300,0,1,184.617967
2025-02-12,217.5400,215.560089,2770200,0,1,184.736856
2025-02-13,220.6100,218.602158,2011800,0,1,187.343927
2025-02-14,221.5600,219.543533,1483300,0,1,188.150675
2025-02-18,222.0900,220.068695,1868400,0,1,188.600756
2025-02-19,222.1000,220.078629,1409600,0,1,188.609248
2025-02-20,221.1800,219.166977,1561200,0,1,187.827976
2025-02-21,216.6100,214.638596,2301200,0,1,183.947092
2025-02-24,214.0400,212.091949,2555400,0,1,181.764626
2025-02-25,211.3700,209.446274,2772400,0,1,179.497239
2025-02-26,211.8800,209.951614,1783100,0,1,179.930335
2025-02-27,206.0500,204.174698,2649900,0,1,174.979449
2025-02-28,209.2600,207.355453,3422000,0,1,177.705409
2025-03-03,204.7500,202.886520,5424500,0,1,173.875477
2025-03-04,204.0200,202.163177,3914000,0,1,173.255555
2025-03-05,206.6400,204.759308,2558800,0,1,175.480482
2025-03-06,201.0600,199.230087,3010400,0,1,170.741897
2025-03-07,202.5000,200.656998,3193800,0,1,171.964758
2025-03-10,194.8700,193.096420,4535200,0,1,165.485296
2025-03-11,194.1300,192.363174,5166800,0,1,164.856881
2025-03-12,196.3800,194.592697,2607700,0,1,166.767601
2025-03-13,192.8200,191.065125,3356000,0,1,163.744418
2025-03-14,197.4800,195.682709,2113100,0,1,167.701730
2025-03-17,198.7600,196.951004,2280100,0,1,168.788717
2025-03-18,195.4800,193.700867,1485100,0,1,166.003313
2025-03-19,197.9900,196.188034,1629400,0,1,168.134827
2025-03-20,197.3000,195.504318,1797200,0,1,167.548873
2025-03-21,198.0100,196.207840,2205100,0,1,168.151811
2025-03-24,201.8800,200.364426,1728200,0.318,1,171.708297
2025-03-25,203.1300,201.605026,1713800,0,1,172.771480
2025-03-26,199.4200,197.922882,1571700,0,1,169.615953
2025-03-27,198.2400,196.751740,2509900,0,1,168.612308
2025-03-28,193.0800,191.630478,2568800,0,1,164.223489
2025-03-31,193.0200,191.570923,2543200,0,1,164.172456
2025-04-01,194.6000,193.139084,2453300,0,1,165.516319
2025-04-02,196.0000,194.528580,2414900,0,1,166.707084
2025-04-03,185.6300,184.236404,5097300,0,1,157.886919
2025-04-04,174.2800,172.971619,9258700,0,1,148.233218
2025-04-07,174.5100,173.199890,11320900,0,1,148.428843
2025-04-08,171.4000,170.113251,5903100,0,1,145.783644
2025-04-09,191.5200,190.082214,7402900,0,1,162.896637
2025-04-10,183.7500,182.370514,6143800,0,1,156.287892
2025-04-11,187.0200,185.615967,3725700,0,1,159.069178
2025-04-14,188.4200,187.005478,3689000,0,1,160.259943
2025-04-15,188.5800,187.164276,2441400,0,1,160.396030
2025-04-16,182.9000,181.526901,3299400,0,1,155.564927
2025-04-17,182.8600,181.487213,2914200,0,1,155.530905
2025-04-21,178.4000,177.060699,2380800,0,1,151.737469
2025-04-22,183.0000,181.626160,2530000,0,1,155.649982
2025-04-23,187.0700,185.665619,3557100,0,1,159.111705
2025-04-24,192.3800,190.935745,2609500,0,1,163.628107
2025-04-25,194.5600,193.099365,1995600,0,1,165.482298
2025-04-28,194.5100,193.049744,3854100,0,1,165.439770
2025-04-29,195.8100,194.339996,2519600,0,1,166.545480
2025-04-30,195.8500,194.379700,2990400,0,1,166.579502
2025-05-01,198.1500,196.662399,2594400,0,1,168.535759
2025-05-02,201.2400,199.729218,2375200,0,1,171.163947
2025-05-05,200.1200,198.617630,1349800,0,1,170.211335
2025-05-06,198.2100,196.721970,2997000,0,1,168.586792
2025-05-07,199.0200,197.525909,2086300,0,1,169.275734
2025-05-08,201.0300,199.520798,3490500,0,1,170.985332
2025-05-09,200.9600,199.451340,1836700,0,1,170.925794
2025-05-12,209.0700,207.500458,4901900,0,1,177.823725
2025-05-13,212.2700,210.676437,5310200,0,1,180.545473
2025-05-14,213.5400,211.936874,3653400,0,1,181.625667
2025-05-15,213.8200,212.214798,2689300,0,1,181.863820
2025-05-16,214.7000,213.088165,2074300,0,1,182.612301
2025-05-19,214.9400,213.326370,2748000,0,1,182.816432
2025-05-20,214.2000,212.591919,1941200,0,1,182.187028
2025-05-21,211.2100,209.624405,5052400,0,1,179.643894
2025-05-22,211.6700,210.080917,2382500,0,1,180.035146
2025-05-23,209.6600,208.086029,3368900,0,1,178.325547
2025-05-27,214.6100,212.998856,4156100,0,1,182.535752
2025-05-28,213.6600,212.055984,2878000,0,1,181.727733
2025-05-29,214.0900,212.482742,3071500,0,1,182.093468
2025-05-30,213.7500,212.145294,2455100,0,1,181.804282
2025-06-02,215.4300,213.812698,3040900,0,1,183.233200
2025-06-03,217.1100,215.480103,2408700,0,1,184.662118
2025-06-04,217.6800,216.045807,2358900,0,1,185.146929
2025-06-05,216.0200,214.398270,3755200,0,1,183.735022
2025-06-06,218.1600,216.522202,2287200,0,1,185.555191
2025-06-09,218.5200,216.879517,1896500,0,1,185.861388
2025-06-10,219.9500,218.298767,2357400,0,1,187.077669
2025-06-11,219.2200,217.574249,3214800,0,1,186.456771
2025-06-12,219.7200,218.070480,2675500,0,1,186.882044
2025-06-13,216.9400,215.311340,4208800,0,1,184.517525
2025-06-16,219.9900,218.338455,2344300,0,1,187.111691
2025-06-17,217.8200,216.184769,2543900,0,1,185.266006
2025-06-18,217.8000,216.164871,1910200,0,1,185.248995
2025-06-20,216.8400,215.212097,3764800,0,1,184.432470
2025-06-23,218.8000,217.474319,2517300,0.316,1,186.368314
2025-06-24,222.1500,220.804016,3820400,0,1,189.221759
2025-06-25,222.7300,221.380493,2368600,0,1,189.715788
2025-06-26,224.8100,223.447891,2206000,0,1,191.487480
2025-06-27,225.5900,224.223175,2310100,0,1,192.151864
2025-06-30,227.1000,225.724045,4333900,0,1,193.438044
2025-07-01,225.1100,223.746078,4690000,0,1,191.743012
2025-07-02,226.7100,225.336395,3452400,0,1,193.105852
2025-07-03,228.9200,227.532990,1961200,0,1,194.988274
2025-07-07,227.1800,225.803543,2752100,0,1,193.506186
2025-07-08,227.3500,225.972534,2538900,0,1,193.650988
2025-07-09,228.9700,227.582718,2980700,0,1,195.030863
2025-07-10,228.6300,227.244751,2253800,0,1,194.741259
2025-07-11,228.1300,226.747787,2328900,0,1,194.315372
2025-07-14,228.9400,227.552887,1550400,0,1,195.005310
2025-07-15,229.1700,227.781479,3282500,0,1,195.201218
2025-07-16,229.4200,228.029999,2870900,0,1,195.414161
2025-07-17,231.2500,229.848892,3411300,0,1,196.972909
2025-07-18,231.0500,229.650116,2581600,0,1,196.802554
2025-07-21,232.2200,230.813004,2229900,0,1,197.799131
2025-07-22,231.0500,229.650116,2448900,0,1,196.802554
2025-07-23,232.1000,230.693741,2567900,0,1,197.696918
2025-07-24,232.5900,231.180756,3013600,0,1,198.114287
2025-07-25,233.1400,231.727432,2845200,0,1,198.582764
2025-07-28,233.8900,232.472885,1726300,0,1,199.221595
2025-07-29,233.5400,232.125015,2179400,0,1,198.923473
2025-07-30,233.8000,232.383438,2449700,0,1,199.144935
2025-07-31,232.5700,231.160904,4007700,0,1,198.097252
2025-08-01,228.0200,226.638458,6079400,0,1,194.221677
2025-08-04,232.2200,230.813004,3069500,0,1,197.799131
2025-08-05,230.6000,229.202835,3736200,0,1,196.419256
2025-08-06,233.5200,232.105133,3821100,0,1,198.906438
2025-08-07,234.3500,232.930099,3014400,0,1,199.613411
2025-08-08,236.5200,235.086960,2043100,0,1,201.461762
2025-08-11,235.8300,234.401138,2002500,0,1,200.874038
2025-08-12,238.7800,237.333252,3371300,0,1,203.386773
2025-08-13,238.9100,237.462463,2522300,0,1,203.497504
2025-08-14,238.6950,237.248795,2851300,0,1,203.314372
2025-08-15,237.6500,236.210114,2553300,0,1,202.424268
2025-08-18,237.5700,236.130600,3544200,0,1,202.356126
2025-08-19,234.3600,232.940048,3131600,0,1,199.621929
2025-08-20,232.9700,231.558472,5472400,0,1,198.437962
2025-08-21,231.9200,230.514832,6264700,0,1,197.543598
2025-08-22,235.4700,234.043304,3693800,0,1,200.567399
2025-08-25,234.7800,233.357498,3190900,0,1,199.979674
2025-08-26,235.7600,234.331543,4086700,0,1,200.814413
2025-08-27,236.1000,234.669525,4986100,0,1,201.104017
2025-08-28,237.5800,236.140533,3446400,0,1,202.364643
2025-08-29,234.8100,233.387299,3796500,0,1,200.005227
2025-09-02,232.8500,231.439209,3856900,0,1,198.335749
2025-09-03,234.6300,233.208405,2911400,0,1,199.851908
2025-09-04,236.7900,235.355301,2430400,0,1,201.691741
2025-09-05,237.1500,235.713120,3916700,0,1,201.998380
2025-09-08,238.2800,236.836288,2555100,0,1,202.960886
2025-09-09,238.9900,237.541977,3080400,0,1,203.565646
2025-09-10,239.0600,237.611572,4142200,0,1,203.625270
2025-09-11,240.4600,239.003098,3322000,0,1,204.817755
2025-09-12,241.5000,240.036789,3439900,0,1,205.703600
2025-09-15,243.6000,242.124069,2979700,0,1,207.492327
2025-09-16,243.3800,241.905380,2914700,0,1,207.304937
2025-09-17,242.8900,241.418350,3777000,0,1,206.887567
2025-09-18,245.1200,243.634842,3904600,0,1,208.787025
2025-09-19,246.7900,245.294724,3421600,0,1,210.209489
2025-09-22,247.9000,246.699890,3349500,0.302,1,211.412195
2025-09-23,246.2500,245.057877,4309500,0,1,210.005054
2025-09-24,245.3900,244.202042,4087500,0,1,209.271636
2025-09-25,244.3300,243.147171,4235600,0,1,208.367654
2025-09-26,245.3700,244.182129,3601000,0,1,209.254579
2025-09-29,246.4800,245.286743,3760700,0,1,210.201201
2025-09-30,247.1200,245.923660,4056100,0,1,210.747001
2025-10-01,248.3300,247.127808,3741100,0,1,211.778904
2025-10-02,249.3300,248.122971,2760700,0,1,212.631716
2025-10-03,248.3200,247.117859,3273900,0,1,211.770376
2025-10-06,250.1700,248.958893,3054600,0,1,213.348079
2025-10-07,248.8500,247.645294,3510100,0,1,212.222366
2025-10-08,251.7100,250.491440,3288800,0,1,214.661410
2025-10-09,251.4100,250.192886,4273100,0,1,214.405566
2025-10-10,242.6700,241.495178,10564800,0,1,206.951986
2025-10-13,247.8300,246.630219,5619600,0,1,211.352498
2025-10-14,246.2100,245.018082,4754800,0,1,209.970942
2025-10-15,247.8800,246.679993,5317500,0,1,211.395138
2025-10-16,247.0000,245.804230,6456600,0,1,210.644664
2025-10-17,248.6100,247.406464,5993800,0,1,212.017691
2025-10-20,251.7600,250.541199,3737500,0,1,214.704051
2025-10-21,251.6900,250.471542,3034500,0,1,214.644354
2025-10-22,249.2600,248.053284,6225000,0,1,212.572020
2025-10-23,251.3900,250.172974,3357600,0,1,214.388510
2025-10-24,254.0200,252.790268,3295200,0,1,216.631407
2025-10-27,258.5800,257.328217,4014900,0,1,220.520231
2025-10-28,260.5700,259.308533,3408000,0,1,222.217328
2025-10-29,261.7900,260.522644,4368400,0,1,223.257759
2025-10-30,257.7200,256.472321,7240500,0,1,219.786812
2025-10-31,258.9600,257.706360,5000300,0,1,220.844300
2025-11-03,260.2300,258.970215,4537400,0,1,221.927372
2025-11-04,254.9500,253.715729,6876800,0,1,217.424522
2025-11-05,256.5800,255.337845,3666700,0,1,218.814606
2025-11-06,251.8300,250.610855,5797600,0,1,214.763747
2025-11-07,251.0600,249.844589,5909500,0,1,214.107082
2025-11-10,256.5800,255.337845,4910700,0,1,218.814606
2025-11-11,255.8900,254.651199,3758800,0,1,218.226166
2025-11-12,255.7100,254.472076,3860000,0,1,218.072660
2025-11-13,250.4800,249.267395,6283400,0,1,213.612451
2025-11-14,250.6500,249.436554,5872000,0,1,213.757429
2025-11-17,248.5300,247.326828,5541100,0,1,211.949466
2025-11-18,245.5100,244.321457,8310100,0,1,209.373973
2025-11-19,246.9500,245.754486,5309200,0,1,210.602023
2025-11-20,241.1100,239.942749,12592000,0,1,205.621598
2025-11-21,242.9200,241.743988,11263600,0,1,207.165189
2025-11-24,249.1400,247.933868,4607100,0,1,212.469682
2025-11-25,250.6700,249.456482,5072900,0,1,213.774485
2025-11-26,252.9200,251.695587,3576400,0,1,215.693313
2025-11-28,254.9000,253.666000,1616900,0,1,217.381881
2025-12-01,254.1300,252.899734,3879200,0,1,216.725216
2025-12-02,256.0900,254.850235,3560100,0,1,218.396728
2025-12-03,256.7100,255.467209,5199600,0,1,218.925472
2025-12-04,256.4600,255.218430,3034100,0,1,218.712269
2025-12-05,257.5300,256.283264,3551100,0,1,219.624778
2025-12-08,257.0300,255.785675,3494700,0,1,219.198372
2025-12-09,257.3500,256.104156,3801800,0,1,219.471272
2025-12-10,258.3900,257.139099,5872700,0,1,220.358197
2025-12-11,257.5500,256.303162,5368200,0,1,219.641834
2025-12-12,252.5700,251.347275,7614600,0,1,215.394829
2025-12-15,251.3600,250.143143,5671600,0,1,214.362926
2025-12-16,251.8500,250.630783,7126800,0,1,214.780804
2025-12-17,247.1900,245.993317,6585600,0,1,210.806698
2025-12-18,250.7600,249.546051,7752500,0,1,213.851238
2025-12-19,254.1000,252.869873,4951900,0,1,216.699632
2025-12-22,254.9300,254.018723,4182100,0.323,1,217.682924
2025-12-23,256.1800,255.264267,3349200,0,1,218.750290
2025-12-24,256.8700,255.951797,2482100,0,1,219.339477
2025-12-26,256.8800,255.961761,2818900,0,1,219.348015
2025-12-29,255.6500,254.736160,4167200,0,1,218.297727
2025-12-30,255.0400,254.128342,3761000,0,1,217.776852
2025-12-31,252.9200,252.015930,3854000,0,1,215.966599
2026-01-02,252.4400,251.537643,4862400,0,1,215.556731
2026-01-05,254.4300,253.520523,6039600,0,1,217.255978
2026-01-06,256.6900,255.772476,6006800,0,1,219.185776
2026-01-07,256.9300,256.011597,5089000,0,1,219.390710
2026-01-08,255.4500,254.536880,6937600,0,1,218.126949
2026-01-09,258.0100,257.087738,8055000,0,1,220.312914
2026-01-12,258.2400,257.316895,4913700,0,1,220.509310
2026-01-13,257.8400,256.918335,6425700,0,1,220.167753
2026-01-14,255.1100,254.198105,7379800,0,1,217.836625
2026-01-15,256.0000,255.084930,4556900,0,1,218.596590
2026-01-16,255.7100,254.795959,4390800,0,1,218.348961
2026-01-20,250.3700,249.475037,8566000,0,1,213.789173
2026-01-21,253.7000,252.793137,7829600,0,1,216.632636
2026-01-22,255.5900,254.676392,5104600,0,1,218.246494
2026-01-23,256.4000,255.483490,5091500,0,1,218.938147
2026-01-26,257.5400,256.619415,5672100,0,1,219.911585
2026-01-27,259.8500,258.921173,4049900,0,1,221.884077
2026-01-28,260.7600,259.827911,4196600,0,1,222.661120
2026-01-29,259.1400,258.213715,6144200,0,1,221.277814
2026-01-30,256.0500,255.134735,4383100,0,1,218.639284
2026-02-02,257.8200,256.898438,5266100,0,1,220.150675
2026-02-03,253.8100,252.902740,6529900,0,1,216.726564
2026-02-04,249.3800,248.488586,7062100,0,1,212.943819
2026-02-05,245.8300,244.951263,8582600,0,1,209.912499
2026-02-06,251.0100,250.112747,5173600,0,1,214.335664
2026-02-09,252.9300,252.025879,3681400,0,1,215.975138
2026-02-10,251.7800,250.880005,4640000,0,1,214.993162
2026-02-11,252.4300,251.527679,3899400,0,1,215.548192
2026-02-12,247.3200,246.435959,7342300,0,1,211.184799
2026-02-13,247.8300,246.944138,5642200,0,1,211.620284
2026-02-17,247.5700,246.685059,10222000,0,1,211.398272
2026-02-18,249.3800,248.488586,4930800,0,1,212.943819
2026-02-19,248.5100,247.621689,3996700,0,1,212.200932
2026-02-20,250.6700,249.773972,6562500,0,1,214.045340
2026-02-23,247.6500,246.764755,4938200,0,1,211.466584
2026-02-24,250.3100,249.415253,3395500,0,1,213.737939
2026-02-25,253.8300,252.922684,2906700,0,1,216.743642
2026-02-26,250.8800,249.983215,7799200,0,1,214.224658
2026-02-27,250.0600,249.166153,4241400,0,1,213.524466
2026-03-02,250.3600,249.465073,4883900,0,1,213.780634
2026-03-03,247.7200,246.834518,5294500,0,1,211.526356
2026-03-04,251.3700,250.471466,3746300,0,1,214.643065
2026-03-05,250.7200,249.823792,3834800,0,1,214.088035
2026-03-06,246.9700,246.087204,3808900,0,1,210.885937
2026-03-09,250.2100,249.315628,6879600,0,1,213.652550
2026-03-10,250.2700,249.375397,4517500,0,1,213.703783
2026-03-11,250.2100,249.315628,2976400,0,1,213.652550
2026-03-12,245.9400,245.060883,4443300,0,1,210.006427
2026-03-13,244.4500,243.576202,4280500,0,1,208.734126
2026-03-16,247.1700,246.286484,2999700,0,1,211.056715
2026-03-17,248.4500,247.561905,1866300,0,1,212.149698
2026-03-18,244.9600,244.084381,2507900,0,1,209.169612
2026-03-19,244.2000,243.327087,4655000,0,1,208.520653
2026-03-20,239.6400,238.783386,5232400,0,1,204.626901
2026-03-23,242.0700,241.535309,4466900,0.328,1,206.981938
2026-03-24,240.4200,239.888947,4053200,0,1,205.571106
2026-03-25,241.9800,241.445496,3124900,0,1,206.904984
2026-03-26,236.2100,235.688248,4667800,0,1,201.971345
2026-03-27,231.6100,231.098419,4925100,0,1,198.038116
2026-03-30,229.8700,229.362244,3825000,0,1,196.550329
2026-03-31,237.6200,237.095123,6062700,0,1,203.176966
2026-04-01,240.5700,240.038620,4401200,0,1,205.699363
2026-04-02,240.8600,240.327972,2931400,0,1,205.947328
2026-04-06,242.3200,241.784744,2737700,0,1,207.195701
2026-04-07,242.3800,241.844620,2968600,0,1,207.247004
2026-04-08,249.5400,248.988785,5607600,0,1,213.369161
2026-04-09,251.2300,250.675064,2747700,0,1,214.814196
2026-04-10,251.6000,251.044250,2156500,0,1,215.130564
2026-04-13,254.1700,253.608582,2659600,0,1,217.328042
2026-04-14,258.7800,258.208374,5667700,0,1,221.269823
2026-04-15,262.4800,261.900238,4100500,0,1,224.433507
2026-04-16,263.6900,263.107544,2719200,0,1,225.468118
2026-04-17,267.1300,266.539948,3096100,0,1,228.409489
2026-04-20,266.3000,265.711761,2852200,0,1,227.699798
2026-04-21,265.3100,264.723969,3194400,0,1,226.853299
2026-04-22,269.6300,269.034424,2691200,0,1,230.547114
2026-04-23,268.2200,267.627563,4094100,0,1,229.341494
2026-04-24,273.3800,272.776154,4126400,0,1,233.753552
2026-04-27,273.5100,272.905853,2564700,0,1,233.864708
2026-04-28,270.7600,270.161926,2789300,0,1,231.513321
2026-04-29,272.3900,271.788361,2600300,0,1,232.907052
2026-04-30,274.9000,274.292786,3022300,0,1,235.053228
2026-05-01,277.5400,276.926971,3261100,0,1,237.310559
2026-05-04,277.0500,276.438019,3726500,0,1,236.891585
2026-05-05,280.6200,280.000153,3587300,0,1,239.944113
2026-05-06,286.4000,285.767365,3691100,0,1,244.886302
2026-05-07,286.1200,285.488007,6151200,0,1,244.646888
2026-05-08,292.8200,292.173218,3708900,0,1,250.375722
2026-05-11,293.7100,293.061218,4695700,0,1,251.136717
2026-05-12,291.1400,290.496948,6292100,0,1,248.939238
2026-05-13,294.1600,293.510254,4316000,0,1,251.521489
2026-05-14,296.3700,295.715332,4208500,0,1,253.411150
2026-05-15,291.8900,291.245270,3921900,0,1,249.580526
2026-05-18,290.6300,289.988037,4581400,0,1,248.503163
2026-05-19,288.8400,288.201996,5077500,0,1,246.972624
2026-05-20,293.6300,292.981415,4758000,0,1,251.068313
2026-05-21,294.2100,293.560120,3644700,0,1,251.564242
2026-05-22,295.4400,294.787415,2889100,0,1,252.615953
2026-05-26,300.6800,300.015839,3841800,0,1,257.096415
2026-05-27,300.3800,299.716522,3946400,0,1,256.839900
2026-05-28,302.8500,302.181061,4287800,0,1,258.951873
2026-05-29,303.9600,303.288574,3727400,0,1,259.900979
2026-06-01,305.8200,305.144470,3973100,0,1,261.491372
2026-06-02,307.2300,306.551392,3138500,0,1,262.696992
2026-06-03,306.6100,305.932739,5458300,0,1,262.166861
2026-06-04,304.9400,304.266449,4179400,0,1,260.738928
2026-06-05,290.3500,289.708649,9025500,0,1,248.263749
2026-06-08,294.8100,294.158783,4534400,0,1,252.077272
2026-06-09,291.5200,290.876068,9420200,0,1,249.264157
2026-06-10,285.9200,285.288452,6462300,0,1,244.475878
2026-06-11,295.0200,294.368347,6043300,0,1,252.256832
2026-06-12,297.0100,296.353943,5395000,0,1,253.958382
2026-06-15,306.2400,305.563568,4042200,0,1,261.850493
2026-06-16,300.5600,299.896118,5179400,0,1,256.993809
2026-06-17,297.5700,296.912720,4511400,0,1,254.437210
2026-06-18,304.5200,303.847351,3132400,0,1,260.379807
2026-06-22,303.9000,303.579620,2746500,0.352,1,260.150653
2026-06-23,293.8700,293.560211,4287600,0,1,251.564569
2026-06-24,292.6300,292.321533,4441500,0,1,250.503079
2026-06-25,294.8800,294.569153,4482700,0,1,252.429170
2026-06-26,290.9500,290.643311,3535000,0,1,249.064931
2026-06-29,298.0500,297.735779,3559900,0,1,255.142817
2026-06-30,302.9700,302.650635,3783800,0,1,259.354536
2026-07-01,298.6100,298.295197,3289400,0,1,255.622200
2026-07-02,293.4200,293.110687,3499200,0,1,251.179351
2026-07-06,297.5200,297.206360,2554600,0,1,254.689116
2026-07-07,292.1400,291.832062,3116700,0,1,250.083619
2026-07-08,292.8700,292.561249,2407800,0,1,250.708529
2026-07-09,297.7800,297.466095,2123900,0,1,254.911686
2026-07-10,298.7200,298.405090,2626400,0,1,255.716364
2026-07-13,293.0600,292.751068,3386900,0,1,250.871176
2026-07-14,296.3100,295.997650,2465300,0,1,253.653307
2026-07-15,295.5600,295.248413,3217200,0,1,253.011277
2026-07-16,290.6800,290.373566,3100000,0,1,248.833800
2026-07-17,286.3100,286.008179,3715600,0,1,245.092904
2026-07-20,286.5800,286.277893,2376000,0,1,245.324035
2026-07-21,291.9000,291.592285,2518000,0,1,249.878169
2026-07-22,290.4200,290.113861,2658200,0,1,248.611230
2026-07-23,284.9800,284.679596,3904100,0,1,243.954370
2026-07-24,281.6800,281.383057,3995400,0,1,241.129437
2026-07-27,280.8600,280.563904,3371700,0,1,240.427484
2026-07-28,278.1400,277.846802,3737800,0,1,238.099055
2026-07-29,272.5100,272.222748,4328500,0,1,233.279548
2026-07-30,281.3500,281.053406,3715400,0,1,240.846944
2026-07-31,283.2900,282.991364,3517100,0,1,242.507662
2026-08-03,288.2700,287.966095,5361200,0,1,246.770743
2026-08-04,298.0300,297.715820,4598600,0,1,255.125697
2026-08-05,295.3500,295.038666,4679600,0,1,252.831509
2026-08-06,294.2600,293.949799,3026500,0,1,251.898425
2026-08-07,297.7000,297.386200,2836600,0,1,254.843203
2026-08-10,296.8500,296.537079,4003600,0,1,254.115569
2026-08-11,295.8300,295.518127,2357100,0,1,253.242408
2026-08-12,297.9800,297.665894,2183900,0,1,255.082895
2026-08-13,301.4100,301.092255,2206800,0,1,258.019113
2026-08-14,301.0100,300.692688,1987500,0,1,257.676697
2026-08-17,300.5200,300.203186,2538400,0,1,257.257237
2026-08-18,295.4500,295.138550,4173900,0,1,252.917113
2026-08-19,294.8500,294.539185,2534600,0,1,252.403488
2026-08-20,292.7900,292.481354,2627300,0,1,250.640045
2026-08-21,293.7600,293.450348,1675500,0,1,251.470404
2026-08-24,290.8100,290.503448,2728600,0,1,248.945085
2026-08-25,292.6600,292.351501,3509000,0,1,250.528760
2026-08-26,292.9000,292.591217,2202800,0,1,250.734210
2026-08-27,296.9200,296.607025,3167300,0,1,254.175492
2026-08-28,295.0000,294.689026,2642700,0,1,252.531894
2026-08-31,295.1800,294.868835,2332100,0,1,252.685982
2026-09-01,291.4000,291.092804,2555600,0,1,249.450149
2026-09-02,292.0200,291.712158,1890600,0,1,249.980894
2026-09-03,295.5100,295.198486,2104700,0,1,252.968475
2026-09-04,296.0700,295.757904,2243500,0,1,253.447858
2026-09-08,295.7600,295.448242,2431400,0,1,253.182485
2026-09-09,294.9700,294.659058,1898800,0,1,252.506213
2026-09-10,291.8000,291.492371,2312600,0,1,249.792565
2026-09-11,294.3900,294.079681,2954700,0,1,252.009710
2026-09-14,292.0200,291.712158,3757300,0,1,249.980894
2026-09-15,290.0900,289.784180,3601100,0,1,248.328736
2026-09-16,290.2000,289.894104,2281900,0,1,248.422901
2026-09-17,295.2000,294.888824,2312900,0,1,252.703102
2026-09-18,296.9100,296.597015,2276600,0,1,254.166931
2026-09-21,305.2700,305.269989,2951600,0.313,1,261.591369
2026-09-22,307.7800,307.779999,3896200,0,1,263.742233
2026-09-23,305.1400,305.140015,2672900,0,1,261.479970
2026-09-24,305.1400,305.140015,2039300,0,1,261.479970
2026-09-25,306.5400,306.540009,2456700,0,1,262.679655
2026-09-28,303.2900,303.290009,2391700,0,1,259.894671
2026-09-29,303.8300,303.829987,1886900,0,1,260.357407
2026-09-30,304.6400,304.640015,2937200,0,1,261.051511
2026-10-01,305.5700,305.570007,3412700,0,1,261.848445
2026-10-02,308.6900,308.690002,3014400,0,1,264.522029
2026-10-05,311.4000,311.399994,2310600,0,1,266.844277
2026-10-06,312.7600,312.760010,3250275,0,1,268.009685
